Inbetriebnahme;GeoDBID;PLZ;Ort;Strasse;Anlagenschluessel;Anlagentyp;Anlagenuntertyp;Nennleistung(kWp_el);Einspeisespannungsebene;DSO-EIC;DSO;TSO-EIC;TSO;kWh(2013);kWh(average);kWh/kW;EEG-Verguetungsschluessel;Gemeindeschluessel;GPS-Lat;GPS-Lon;GPS-Genauigkeit(dm);Validierung
11.01.2001;19932;25842;Langenhorn;Kiefernweg 2;E20793012000000000000017502640001;Solarstrom;;2,2;07 (NS);;Schleswig-Holstein Netz AG (E.ON Hanse AG);;TenneT TSO GmbH;1.314;1.463,413;665;SoK81a------01;01054075;54,668;8,916;30000;OK
25.07.2001;19932;25842;Langenhorn;Dorfstr. 157;E20793012X00000000000017583460001;Solarstrom;;2;07 (NS);;Schleswig-Holstein Netz AG (E.ON Hanse AG);;TenneT TSO GmbH;1.844;1.739,79;869;SoK81a------01;01054075;54,668;8,916;30000;OK
09.10.2001;19932;25842;Langenhorn;Redlingsweg 20;E20793012000000000000017539200001;Solarstrom;;5,1;07 (NS);;Schleswig-Holstein Netz AG (E.ON Hanse AG);;TenneT TSO GmbH;3.178;3.846,429;754;SoK81a------01;01054075;54,668;8,916;30000;OK
22.11.2001;19932;25842;Langenhorn;Holmweg 75;E20793012000000000000017539220001;Solarstrom;;2,16;07 (NS);;Schleswig-Holstein Netz AG (E.ON Hanse AG);;TenneT TSO GmbH;1.969;1.491,286;690;SoK81a------01;01054075;54,668;8,916;30000;OK
31.12.2002;19932;25842;Langenhorn;Altendeich 9;E20793012000000000000004283000001;Biomasse;Biogas;670;05 (MS);;Schleswig-Holstein Netz AG (E.ON Hanse AG);;TenneT TSO GmbH;4.368.378;4.714.637,857;7.036;BiK33b1-MPMJul, BiK33b1-MPMNov, BiK33b1-MPMJun, BiK33b1-MPMFeb, BiK33b1-MPMSep, BiK33b1-MPMMai, BiK33b1-MPMApr, BiK33b1-MPMOkt, BiK33b1-MPMDez, BiK33b1-MPMJan, BiK33b1-MPMAug, BiK33b1-MPMMrz;01054075;54,703;8,944;30000;OK
24.06.2003;19932;25842;Langenhorn;Hohe Koppel 5;E20793012000000000000017539210001;Solarstrom;;15,05;07 (NS);;Schleswig-Holstein Netz AG (E.ON Hanse AG);;TenneT TSO GmbH;11.245;12.120,571;805;SoK81a------03;01054075;54,684;9,021;30000;OK
12.01.2004;19932;25842;Langenhorn;Ant Schütthock 3;E20793012000000000000017586900001;Solarstrom;;1,36;07 (NS);;Schleswig-Holstein Netz AG (E.ON Hanse AG);;TenneT TSO GmbH;951;971,423;714;SoK111------04;01054075;54,668;8,916;30000;OK
15.01.2004;19932;25842;Langenhorn;Dorfstr. 208;E20793012000000000000017520970001;Solarstrom;;13,9;07 (NS);;Schleswig-Holstein Netz AG (E.ON Hanse AG);;TenneT TSO GmbH;;10.504,667;755;SoK111------04;01054075;54,668;8,916;30000;OK
15.03.2004;19932;25842;Langenhorn;Dorfstr. 208;E20793012000000000000017520920001;Solarstrom;;44,2;07 (NS);;Schleswig-Holstein Netz AG (E.ON Hanse AG);;TenneT TSO GmbH;;17.557,5;397;SoK112------04, SoK111------04;01054075;54,668;8,916;30000;?(kWh/kW),
10.06.2004;19932;25842;Langenhorn;K 73 Efkebüll 2;E20793012000000000000017552000001;Solarstrom;;15,5;07 (NS);;Schleswig-Holstein Netz AG (E.ON Hanse AG);;TenneT TSO GmbH;14.120;15.061;971;SoK111------04;01054075;54,668;8,916;30000;OK
26.07.2004;19932;25842;Langenhorn;Beekensweg 7;E2079301S120000000000044680500001;Solarstrom;;29,7;07 (NS);;Schleswig-Holstein Netz AG (E.ON Hanse AG);;TenneT TSO GmbH;;28.948;974;SoK111------04;01054075;54,679;8,908;30000;OK
16.12.2004;19932;25842;Langenhorn;Holmweg 23B;E20793012000000000000017633620001;Solarstrom;;7,5;07 (NS);;Schleswig-Holstein Netz AG (E.ON Hanse AG);;TenneT TSO GmbH;6.166;6.812,286;908;SoK111------04;01054075;54,668;8,916;30000;OK
29.03.2005;19932;25842;Langenhorn;Blinker 1;E20793012000000000000017671650001;Solarstrom;;30;07 (NS);;Schleswig-Holstein Netz AG (E.ON Hanse AG);;TenneT TSO GmbH;32.839;33.635,571;1.121;SoK111------05;01054075;54,668;8,916;30000;OK
14.04.2005;19932;25842;Langenhorn;Hohe Koppel;E20793012000000000000017666570001;Solarstrom;;23,6;07 (NS);;Schleswig-Holstein Netz AG (E.ON Hanse AG);;TenneT TSO GmbH;21.651;22.374,429;948;SoK111------05;01054075;54,668;8,916;30000;OK
16.06.2005;19932;25842;Langenhorn;Kornkoogsweg 11;E20793012000000000000017686530001;Solarstrom;;28;07 (NS);;Schleswig-Holstein Netz AG (E.ON Hanse AG);;TenneT TSO GmbH;28.630;28.542,143;1.019;SoK111------05;01054075;54,668;8,916;30000;OK
29.08.2005;19932;25842;Langenhorn;Beekensweg 7;E20793012000000000000017571000002;Solarstrom;;5,89;07 (NS);;Schleswig-Holstein Netz AG (E.ON Hanse AG);;TenneT TSO GmbH;35.272;9.635,714;1.635;SoK111------05, SoK112------05;01054075;54,703;8,944;30000;?(kWh/kW),
01.09.2005;19932;25842;Langenhorn;Dorfstr. 210;E20793012000000000000017723710001;Solarstrom;;5,46;07 (NS);;Schleswig-Holstein Netz AG (E.ON Hanse AG);;TenneT TSO GmbH;4.942;5.116,143;937;SoK111------05;01054075;54,668;8,916;30000;OK
24.10.2005;19932;25842;Langenhorn;Dorfstr. 45;E20793012000000000000017742960001;Solarstrom;;4,84;07 (NS);;Schleswig-Holstein Netz AG (E.ON Hanse AG);;TenneT TSO GmbH;3.987;4.093;845;SoK111------05;01054075;54,668;8,916;30000;OK
02.11.2005;19932;25842;Langenhorn;Na de Heide 9;E20793012000000000000017781300001;Solarstrom;;30,4;07 (NS);;Schleswig-Holstein Netz AG (E.ON Hanse AG);;TenneT TSO GmbH;31.271;31.804,143;1.046;SoK112------05, SoK111------05;01054075;54,668;8,916;30000;OK
02.11.2005;19932;25842;Langenhorn;Na de Heide 9;E20793012000000000000017781410001;Solarstrom;;30,4;07 (NS);;Schleswig-Holstein Netz AG (E.ON Hanse AG);;TenneT TSO GmbH;30.003;30.585,429;1.006;SoK111------05, SoK112------05;01054075;54,703;8,944;30000;OK
02.11.2005;19932;25842;Langenhorn;Na de Heide 9;E20793012000000000000017781460001;Solarstrom;;30,4;07 (NS);;Schleswig-Holstein Netz AG (E.ON Hanse AG);;TenneT TSO GmbH;30.420;31.291,857;1.029;SoK112------05, SoK111------05;01054075;54,668;8,916;30000;OK
01.12.2005;19932;25842;Langenhorn;K 73 Efkebüll 25;E20793012000000000000017758010001;Solarstrom;;33;07 (NS);;Schleswig-Holstein Netz AG (E.ON Hanse AG);;TenneT TSO GmbH;30.335;32.262,286;977;SoK111------05, SoK112------05;01054075;54,703;8,944;30000;OK
14.12.2005;19932;25842;Langenhorn;Altendeich 9;E20793012000000000000017784460001;Solarstrom;;30;07 (NS);;Schleswig-Holstein Netz AG (E.ON Hanse AG);;TenneT TSO GmbH;33.460;34.047,286;1.134;SoK111------05;01054075;54,703;8,944;30000;OK
14.12.2005;19932;25842;Langenhorn;Altendeich 9;E20793012000000000000017784460002;Solarstrom;;125,16;07 (NS);;Schleswig-Holstein Netz AG (E.ON Hanse AG);;TenneT TSO GmbH;139.591;142.044,286;1.134;SoK111------05, SoK112------05;01054075;54,703;8,944;30000;OK
16.12.2005;19932;25842;Langenhorn;Holmweg 75;E20793012000000000000017775020001;Solarstrom;;2;07 (NS);;Schleswig-Holstein Netz AG (E.ON Hanse AG);;TenneT TSO GmbH;1.335;1.359,429;679;SoK111------05;01054075;54,668;8,916;30000;OK
20.12.2005;19932;25842;Langenhorn;Dorfstr. 167;E20793012000000000000017775910001;Solarstrom;;30;07 (NS);;Schleswig-Holstein Netz AG (E.ON Hanse AG);;TenneT TSO GmbH;34.885;36.513,714;1.217;SoK111------05;01054075;54,668;8,916;30000;OK
23.12.2005;19932;25842;Langenhorn;Schwinehallig 2;E20793012000000000000017775440001;Solarstrom;;24;07 (NS);;Schleswig-Holstein Netz AG (E.ON Hanse AG);;TenneT TSO GmbH;20.081;21.840,714;910;SoK111------05;01054075;54,668;8,916;30000;OK
23.12.2005;19932;25842;Langenhorn;Wittekoogsweg 2;E20793012000000000000017778500001;Solarstrom;;29,21;07 (NS);;Schleswig-Holstein Netz AG (E.ON Hanse AG);;TenneT TSO GmbH;23.026;25.612,286;876;SoK111------05;01054075;54,668;8,916;30000;OK
30.12.2005;19932;25842;Langenhorn;Hohe Koppel 5;E20793012000000000000001240640001;Solarstrom;;12,25;07 (NS);;Schleswig-Holstein Netz AG (E.ON Hanse AG);;TenneT TSO GmbH;11.113;11.471,286;936;SoK111------05;01054075;54,703;8,944;30000;OK
31.12.2005;19932;25842;Langenhorn;Dorfstr. 232;E20793012000000000000017776670001;Solarstrom;;30;07 (NS);;Schleswig-Holstein Netz AG (E.ON Hanse AG);;TenneT TSO GmbH;21.408;22.855,857;761;SoK111------05;01054075;54,668;8,916;30000;OK
08.03.2006;19932;25842;Langenhorn;Hohe Koppel 9;E20793012000000000000017805050001;Solarstrom;;40,64;07 (NS);;Schleswig-Holstein Netz AG (E.ON Hanse AG);;TenneT TSO GmbH;36.880;37.669,714;926;SoK112------06, SoK111------06;01054075;54,703;8,944;30000;OK
25.04.2006;19932;25842;Langenhorn;Am Sportplatz 5;E20793012000000000000017813350001;Solarstrom;;6;07 (NS);;Schleswig-Holstein Netz AG (E.ON Hanse AG);;TenneT TSO GmbH;5.213;5.378,143;896;SoK111------06;01054075;54,668;8,916;30000;OK
08.06.2006;19932;25842;Langenhorn;Dorfstr. 92;E20793012000000000000017829190001;Solarstrom;;41,65;07 (NS);;Schleswig-Holstein Netz AG (E.ON Hanse AG);;TenneT TSO GmbH;33.287;35.940;862;SoK111------06, SoK112------06;01054075;54,703;8,944;30000;OK
29.06.2006;19932;25842;Langenhorn;De Straat 15A;E20793012000000000000001100660001;Solarstrom;;4,75;07 (NS);;Schleswig-Holstein Netz AG (E.ON Hanse AG);;TenneT TSO GmbH;4.257;4.377,143;921;SoK111------06;01054075;54,668;8,916;30000;OK
22.08.2006;19932;25842;Langenhorn;Dorfstr. 170;E20793012000000000000001167310001;Solarstrom;;53,55;07 (NS);;Schleswig-Holstein Netz AG (E.ON Hanse AG);;TenneT TSO GmbH;51.272;52.964;989;SoK112------06, SoK111------06;01054075;54,703;8,944;30000;OK
07.11.2006;19932;25842;Langenhorn;Dorfstr. 148;E20793012000000000000020052410001;Solarstrom;;57,75;07 (NS);;Schleswig-Holstein Netz AG (E.ON Hanse AG);;TenneT TSO GmbH;59.110;60.485,714;1.047;SoK112------06, SoK111------06;01054075;54,668;8,916;30000;OK
22.12.2006;19932;25842;Langenhorn;Wester Borgweg 6;E20793012000000000000001314740001;Solarstrom;;65;07 (NS);;Schleswig-Holstein Netz AG (E.ON Hanse AG);;TenneT TSO GmbH;56.297;60.372,714;928;SoK111------06, SoK112------06;01054075;54,668;8,916;30000;OK
27.12.2006;19932;25842;Langenhorn;Altendeich 9;E20793012000000000000020030040001;Solarstrom;;26,892;07 (NS);;Schleswig-Holstein Netz AG (E.ON Hanse AG);;TenneT TSO GmbH;27.437;28.257,857;1.050;SoK111------06;01054075;54,668;8,916;30000;OK
28.12.2006;19932;25842;Langenhorn;An der B 5;E20793012000000000000001345150001;Solarstrom;;46,04;07 (NS);;Schleswig-Holstein Netz AG (E.ON Hanse AG);;TenneT TSO GmbH;42.728;43.330,143;941;SoK112------06, SoK111------06;01054075;54,668;8,916;30000;OK
30.12.2006;19932;25842;Langenhorn;Hohe Koppel 5;E20793012000000000000001240640002;Solarstrom;;17,5;07 (NS);;Schleswig-Holstein Netz AG (E.ON Hanse AG);;TenneT TSO GmbH;15.878;16.387,714;936;SoK111------06;01054075;54,703;8,944;30000;OK
30.03.2007;19932;25842;Langenhorn;Holmweg 89;E20793012000000000000001382250001;Solarstrom;;27,82;07 (NS);;Schleswig-Holstein Netz AG (E.ON Hanse AG);;TenneT TSO GmbH;27.031;27.913,714;1.003;SoK111------07;01054075;54,668;8,916;30000;OK
19.06.2007;19932;25842;Langenhorn;Sikkeackerweg 7;E20793012000000000000020089810001;Solarstrom;;36,76;07 (NS);;Schleswig-Holstein Netz AG (E.ON Hanse AG);;TenneT TSO GmbH;32.539;37.830,571;1.029;SoK111------07, SoK112------07;01054075;54,668;8,916;30000;OK
25.07.2007;19932;25842;Langenhorn;Landjahrweg 4;E20793012000000000000020140710001;Solarstrom;;35,36;07 (NS);;Schleswig-Holstein Netz AG (E.ON Hanse AG);;TenneT TSO GmbH;34.966;35.883,429;1.014;SoK111------07, SoK112------07;01054075;54,703;8,944;30000;OK
08.09.2007;19932;25842;Langenhorn;Horne 5;E20793012000000000000020174300001;Solarstrom;;13,5;07 (NS);;Schleswig-Holstein Netz AG (E.ON Hanse AG);;TenneT TSO GmbH;11.530;11.924,857;883;SoK111------07;01054075;54,703;8,944;30000;OK
08.11.2007;19932;25842;Langenhorn;Na de Heide 1;E20793012000000000000002023860001;Solarstrom;;5,77;07 (NS);;Schleswig-Holstein Netz AG (E.ON Hanse AG);;TenneT TSO GmbH;5.095;5.344,375;926;SoK111------07;01054075;54,703;8,944;30000;OK
03.12.2007;19932;25842;Langenhorn;Holmweg 63;E20793012000000000000020258340001;Solarstrom;;44,54;07 (NS);;Schleswig-Holstein Netz AG (E.ON Hanse AG);;TenneT TSO GmbH;38.501;39.329,286;883;SoK111------07, SoK112------07;01054075;54,703;8,944;30000;OK
20.12.2007;19932;25842;Langenhorn;K 73 Efkebüll 6;E20793012000000000000020375950001;Solarstrom;;111,72;07 (NS);;Schleswig-Holstein Netz AG (E.ON Hanse AG);;TenneT TSO GmbH;101.460;105.138,714;941;SoK112------07, SoK113------07, SoK111------07;01054075;54,703;8,944;30000;OK
20.12.2007;19932;25842;Langenhorn;Dorfstr. 39;E20793014000000000000020304750001;Solarstrom;;23,8;07 (NS);;Schleswig-Holstein Netz AG (E.ON Hanse AG);;TenneT TSO GmbH;19.916;20.168,714;847;SoK111------07;01054075;54,703;8,944;30000;OK
20.12.2007;19932;25842;Langenhorn;Dorfstr. 39;E20793014000000000000020304750002;Solarstrom;;14,28;07 (NS);;Schleswig-Holstein Netz AG (E.ON Hanse AG);;TenneT TSO GmbH;11.950;12.101,286;847;SoK111------07;01054075;54,703;8,944;30000;OK
21.12.2007;19932;25842;Langenhorn;Mönkebüller Str. 11;E20793012000000000000020338090001;Solarstrom;;78;07 (NS);;Schleswig-Holstein Netz AG (E.ON Hanse AG);;TenneT TSO GmbH;70.920;71.722,429;919;SoK112------07, SoK111------07;01054075;54,703;8,944;30000;OK
08.04.2008;19932;25842;Langenhorn;Dorfstr. 126;E20793012000000000000020361300001;Solarstrom;;27,72;07 (NS);;Schleswig-Holstein Netz AG (E.ON Hanse AG);;TenneT TSO GmbH;22.893;23.292,333;840;SoK111------08;01054075;54,703;8,944;30000;OK
16.06.2008;19932;25842;Langenhorn;Bunkerweg 1A;E20793012000000000000020421710001;Solarstrom;;10,8;07 (NS);;Schleswig-Holstein Netz AG (E.ON Hanse AG);;TenneT TSO GmbH;10.057;10.242,32;948;SoK111------08;01054075;54,703;8,944;30000;OK
16.06.2008;19932;25842;Langenhorn;Ferdinand-Dircks-Weg 14;E20793012000000000000020422480001;Solarstrom;;6,63;07 (NS);;Schleswig-Holstein Netz AG (E.ON Hanse AG);;TenneT TSO GmbH;6.464;6.493,905;979;SoK111------08;01054075;54,703;8,944;30000;OK
12.08.2008;19932;25842;Langenhorn;Dorfstr. 92;E20793012000000000000020491700001;Solarstrom;;44,64;07 (NS);;Schleswig-Holstein Netz AG (E.ON Hanse AG);;TenneT TSO GmbH;37.240;37.803,833;846;SoK111------08, SoK112------08;01054075;54,703;8,944;30000;OK
20.08.2008;19932;25842;Langenhorn;Habelweg 23;E20793012000000000000020486450001;Solarstrom;;26,33;07 (NS);;Schleswig-Holstein Netz AG (E.ON Hanse AG);;TenneT TSO GmbH;23.957;23.452,5;890;SoK111------08;01054075;54,703;8,944;30000;OK
13.10.2008;19932;25842;Langenhorn;Baron-von-Gelting-Weg 23;E20793012000000000000020521280001;Solarstrom;;9,45;07 (NS);;Schleswig-Holstein Netz AG (E.ON Hanse AG);;TenneT TSO GmbH;9.151;9.261,31;980;SoK111------08;01054075;54,703;8,944;30000;OK
27.11.2008;19932;25842;Langenhorn;Dorfstr. 13;E20793012000000000000020572160001;Solarstrom;;29,92;07 (NS);;Schleswig-Holstein Netz AG (E.ON Hanse AG);;TenneT TSO GmbH;25.512;26.136,833;873;SoK111------08;01054075;54,703;8,944;30000;OK
16.12.2008;19932;25842;Langenhorn;Hohe Koppel 7;E20793012000000000000020626690001;Solarstrom;;71,06;07 (NS);;Schleswig-Holstein Netz AG (E.ON Hanse AG);;TenneT TSO GmbH;68.395;69.707,5;980;SoK111------08, SoK112------08;01054075;54,703;8,944;30000;OK
19.12.2008;19932;25842;Langenhorn;Holmweg 89;E20793012000000000000020672290001;Solarstrom;;54,37;07 (NS);;Schleswig-Holstein Netz AG (E.ON Hanse AG);;TenneT TSO GmbH;41.403;43.931,667;808;SoK112------08, SoK111------08;01054075;54,703;8,944;30000;OK
30.12.2008;19932;25842;Langenhorn;K 73 Efkebüll 6;E20793012000000000000020645070001;Solarstrom;;36,54;07 (NS);;Schleswig-Holstein Netz AG (E.ON Hanse AG);;TenneT TSO GmbH;26.943;26.865,833;735;SoK112------08, SoK111------08;01054075;54,703;8,944;30000;OK
30.12.2008;19932;25842;Langenhorn;Dorfstr. 167;E20793012000000000000020685070001;Solarstrom;;19,44;07 (NS);;Schleswig-Holstein Netz AG (E.ON Hanse AG);;TenneT TSO GmbH;18.262;18.633,833;958;SoK111------08;01054075;54,703;8,944;30000;OK
30.12.2008;19932;25842;Langenhorn;Dorfstr. 167;E20793012000000000000020685070002;Solarstrom;;88,92;07 (NS);;Schleswig-Holstein Netz AG (E.ON Hanse AG);;TenneT TSO GmbH;83.525;85.229,167;958;SoK111------08, SoK112------08;01054075;54,703;8,944;30000;OK
15.05.2009;19932;25842;Langenhorn;Habelweg 25;E20793012000000000000020691800001;Solarstrom;Gebäude;28,35;07 (NS);;Schleswig-Holstein Netz AG (E.ON Hanse AG);;TenneT TSO GmbH;26.140;26.691,6;941;SgK330------09;01054075;54,703;8,944;30000;OK
10.06.2009;19932;25842;Langenhorn;Hohe Koppel 8;E20793012000000000000020711760001;Solarstrom;Gebäude;34,02;07 (NS);;Schleswig-Holstein Netz AG (E.ON Hanse AG);;TenneT TSO GmbH;32.928;33.285,6;978;SgK330------09, SgK331------09;01054075;54,703;8,944;30000;OK
07.07.2009;19932;25842;Langenhorn;Olandweg 8;E20793012000000000000020743830001;Solarstrom;Gebäude;13,68;07 (NS);;Schleswig-Holstein Netz AG (E.ON Hanse AG);;TenneT TSO GmbH;13.072;13.315,6;973;SgK330------09;01054075;54,703;8,944;30000;OK
22.07.2009;19932;25842;Langenhorn;Ackerweg 16;E20793012000000000000020812950001;Solarstrom;Gebäude;6,08;07 (NS);;Schleswig-Holstein Netz AG (E.ON Hanse AG);;TenneT TSO GmbH;6.269;6.264,898;1.030;SgK3341-----09, SgK330------09;01054075;54,703;8,944;30000;OK
04.08.2009;19932;25842;Langenhorn;K 73 Efkebüll 8;E20793012000000000000020771370001;Solarstrom;Gebäude;43,32;07 (NS);;Schleswig-Holstein Netz AG (E.ON Hanse AG);;TenneT TSO GmbH;40.878;41.401,6;955;SgK330------09, SgK331------09;01054075;54,703;8,944;30000;OK
01.09.2009;19932;25842;Langenhorn;Barntemoose 4;E20793012000000000000020767630001;Solarstrom;Gebäude;60,9;07 (NS);;Schleswig-Holstein Netz AG (E.ON Hanse AG);;TenneT TSO GmbH;57.137;58.345,8;958;SgK331------09, SgK330------09;01054075;54,703;8,944;30000;OK
07.09.2009;19932;25842;Langenhorn;Horne 2;E20793012000000000000020867640001;Solarstrom;Gebäude;9,9;07 (NS);;Schleswig-Holstein Netz AG (E.ON Hanse AG);;TenneT TSO GmbH;8.099;8.231,287;831;SgK330------09;01054075;54,703;8,944;30000;OK
15.10.2009;19932;25842;Langenhorn;Holmweg 32;E20793012000000000000020851350001;Solarstrom;Gebäude;32,4;07 (NS);;Schleswig-Holstein Netz AG (E.ON Hanse AG);;TenneT TSO GmbH;27.343;26.944;831;SgK330------09, SgK331------09;01054075;54,668;8,916;30000;OK
16.10.2009;19932;25842;Langenhorn;Wester Borgweg 6;E20793012000000000000001314740002;Solarstrom;Gebäude;23,36;07 (NS);;Schleswig-Holstein Netz AG (E.ON Hanse AG);;TenneT TSO GmbH;20.235;21.158,4;905;SgK330------09;01054075;54,703;8,944;30000;OK
03.11.2009;19932;25842;Langenhorn;Schwinehallig 1;E20793012000000000000020969020001;Solarstrom;Gebäude;23,76;07 (NS);;Schleswig-Holstein Netz AG (E.ON Hanse AG);;TenneT TSO GmbH;24.475;24.976,6;1.051;SgK330------09;01054075;54,668;8,916;30000;OK
11.11.2009;19932;25842;Langenhorn;Dorfstr. 51;E20793012000000000000021036540001;Solarstrom;Gebäude;8,4;07 (NS);;Schleswig-Holstein Netz AG (E.ON Hanse AG);;TenneT TSO GmbH;7.795;6.473,4;770;SgK330------09;01054075;54,668;8,916;30000;OK
18.11.2009;19932;25842;Langenhorn;Tannenweg 3;E20793012000000000000020954530001;Solarstrom;Gebäude;28,98;07 (NS);;Schleswig-Holstein Netz AG (E.ON Hanse AG);;TenneT TSO GmbH;27.419;27.362;944;SgK330------09;01054075;54,703;8,944;30000;OK
18.11.2009;19932;25842;Langenhorn;Marktstraat 7;E2079301S120000000000037765900001;Solarstrom;Gebäude;29,9;07 (NS);;Schleswig-Holstein Netz AG (E.ON Hanse AG);;TenneT TSO GmbH;27.269;21.222;709;SgK3341-----09, SgK330------09;01054075;54,679;8,908;30000;OK
19.11.2009;19932;25842;Langenhorn;Sikkeackerweg 9;E20793012000000000000020892790001;Solarstrom;Gebäude;37,84;07 (NS);;Schleswig-Holstein Netz AG (E.ON Hanse AG);;TenneT TSO GmbH;37.058;37.270,6;984;SgK330------09, SgK331------09;01054075;54,703;8,944;30000;OK
17.12.2009;19932;25842;Langenhorn;Hohe Koppel 9;E20793012000000000000020961400001;Solarstrom;Gebäude;29,71;07 (NS);;Schleswig-Holstein Netz AG (E.ON Hanse AG);;TenneT TSO GmbH;28.246;27.994,2;942;SgK330------09;01054075;54,703;8,944;30000;OK
20.12.2009;19932;25842;Langenhorn;Altendeich 9;E20793012000000000000021046260001;Solarstrom;Gebäude;123,627;07 (NS);;Schleswig-Holstein Netz AG (E.ON Hanse AG);;TenneT TSO GmbH;130.735;121.919;986;SgK330------09, SgK332------09, SgK331------09;01054075;54,668;8,916;30000;OK
21.12.2009;19932;25842;Langenhorn;Hochacker 3;E20793012000000000000020990550001;Solarstrom;Gebäude;68,4;07 (NS);;Schleswig-Holstein Netz AG (E.ON Hanse AG);;TenneT TSO GmbH;66.769;67.186,4;982;SgK331------09, SgK330------09;01054075;54,668;8,916;30000;OK
29.12.2009;19932;25842;Langenhorn;Dorfstr. 217;E20793012000000000000020925940001;Solarstrom;Gebäude;20,68;07 (NS);;Schleswig-Holstein Netz AG (E.ON Hanse AG);;TenneT TSO GmbH;19.280;20.249;979;SgK330------09;01054075;54,668;8,916;30000;OK
29.12.2009;19932;25842;Langenhorn;Dorfstr. 149;E20793012000000000000021013950001;Solarstrom;Gebäude;6,93;07 (NS);;Schleswig-Holstein Netz AG (E.ON Hanse AG);;TenneT TSO GmbH;4.792;5.014;723;SgK330------09;01054075;54,668;8,916;30000;OK
29.12.2009;19932;25842;Langenhorn;Holmweg 21;E20793012000000000000021013990001;Solarstrom;Gebäude;5,76;07 (NS);;Schleswig-Holstein Netz AG (E.ON Hanse AG);;TenneT TSO GmbH;2.646;3.292,948;571;SgK330------09;01054075;54,668;8,916;30000;OK
29.12.2009;19932;25842;Langenhorn;Leeglandsdamm 2A;E20793012000000000000021014960001;Solarstrom;Gebäude;32,4;07 (NS);;Schleswig-Holstein Netz AG (E.ON Hanse AG);;TenneT TSO GmbH;32.246;30.886;953;SgK330------09, SgK331------09;01054075;54,668;8,916;30000;OK
11.03.2010;19932;25842;Langenhorn;Dorfstr. 62;E20793012000000000000021021470001;Solarstrom;Gebäude;10,8;07 (NS);;Schleswig-Holstein Netz AG (E.ON Hanse AG);;TenneT TSO GmbH;9.850;10.266,75;950;SgK330------10, SgK3341-----10;01054075;54,668;8,916;30000;OK
15.03.2010;19932;25842;Langenhorn;Hooger Weg 3;E20793012000000000000021012340001;Solarstrom;Gebäude;16,56;07 (NS);;Schleswig-Holstein Netz AG (E.ON Hanse AG);;TenneT TSO GmbH;15.615;15.750,75;951;SgK330------10;01054075;54,668;8,916;30000;OK
15.03.2010;19932;25842;Langenhorn;Klinker 1;E20793012000000000000021055910001;Solarstrom;Gebäude;33,12;07 (NS);;Schleswig-Holstein Netz AG (E.ON Hanse AG);;TenneT TSO GmbH;28.913;31.558;952;SgK330------10, SgK331------10;01054075;54,668;8,916;30000;OK
17.03.2010;19932;25842;Langenhorn;Drift 3;E20793012000000000000021017040001;Solarstrom;Gebäude;37,44;07 (NS);;Schleswig-Holstein Netz AG (E.ON Hanse AG);;TenneT TSO GmbH;19.015;17.567,25;469;SgK331------10, SgK330------10;01054075;54,668;8,916;30000;OK
23.03.2010;19932;25842;Langenhorn;Hooger Weg 2;E20793012000000000000021022790001;Solarstrom;Gebäude;7,98;07 (NS);;Schleswig-Holstein Netz AG (E.ON Hanse AG);;TenneT TSO GmbH;7.946;8.062,208;1.010;SgK330------10;01054075;54,668;8,916;30000;OK
30.03.2010;19932;25842;Langenhorn;Holmweg 23A;E20793012000000000000021020400001;Solarstrom;Gebäude;12,96;07 (NS);;Schleswig-Holstein Netz AG (E.ON Hanse AG);;TenneT TSO GmbH;11.506;11.343,75;875;SgK3341-----10, SgK330------10;01054075;54,668;8,916;30000;OK
01.04.2010;19932;25842;Langenhorn;Dorfstr. 13;E20793012000000000000021057450001;Solarstrom;Gebäude;21,54;07 (NS);;Schleswig-Holstein Netz AG (E.ON Hanse AG);;TenneT TSO GmbH;19.623;21.328;990;SgK330------10;01054075;54,668;8,916;30000;OK
06.04.2010;19932;25842;Langenhorn;Holmweg 45;E20793012000000000000021094730001;Solarstrom;Gebäude;30;07 (NS);;Schleswig-Holstein Netz AG (E.ON Hanse AG);;TenneT TSO GmbH;26.641;27.144,75;904;SgK330------10;01054075;54,668;8,916;30000;OK
09.04.2010;19932;25842;Langenhorn;Wittekoogsweg 2;E20793012000000000000021065360001;Solarstrom;Gebäude;24,75;07 (NS);;Schleswig-Holstein Netz AG (E.ON Hanse AG);;TenneT TSO GmbH;19.253;23.538;951;SgK330------10;01054075;54,668;8,916;30000;OK
15.04.2010;19932;25842;Langenhorn;Holmweg 63;E20793012000000000000021244340001;Solarstrom;Gebäude;31,68;07 (NS);;Schleswig-Holstein Netz AG (E.ON Hanse AG);;TenneT TSO GmbH;28.380;28.525,75;900;SgK330------10, SgK331------10;01054075;54,668;8,916;30000;OK
21.04.2010;19932;25842;Langenhorn;Dorfstr. 211;E20793012000000000000021020800001;Solarstrom;Gebäude;20,72;07 (NS);;Schleswig-Holstein Netz AG (E.ON Hanse AG);;TenneT TSO GmbH;20.539;20.572,75;992;SgK3341-----10, SgK330------10;01054075;54,668;8,916;30000;OK
22.04.2010;19932;25842;Langenhorn;Mönkebüller Str. 7A;E20793012000000000000021026460001;Solarstrom;Gebäude;12,21;07 (NS);;Schleswig-Holstein Netz AG (E.ON Hanse AG);;TenneT TSO GmbH;11.500;13.910,25;1.139;SgK3341-----10, SgK330------10;01054075;54,668;8,916;30000;OK
22.04.2010;19932;25842;Langenhorn;Buurvogtsweg 5;E20793012000000000000021481360001;Solarstrom;Gebäude;5,5;07 (NS);;Schleswig-Holstein Netz AG (E.ON Hanse AG);;TenneT TSO GmbH;4.466;4.310,882;783;SgK330------10, SgK3341-----10;01054075;54,668;8,916;30000;OK
19.05.2010;19932;25842;Langenhorn;Dorfstr. 220;E20793012000000000000021215260001;Solarstrom;Gebäude;26,64;07 (NS);;Schleswig-Holstein Netz AG (E.ON Hanse AG);;TenneT TSO GmbH;24.442;24.748,5;928;SgK3341-----10, SgK330------10;01054075;54,668;8,916;30000;OK
19.05.2010;19932;25842;Langenhorn;Kornkoogsweg 7;E20793012000000000000021304280001;Solarstrom;Gebäude;29,7;07 (NS);;Schleswig-Holstein Netz AG (E.ON Hanse AG);;TenneT TSO GmbH;29.982;29.860,5;1.005;SgK330------10, SgK3341-----10;01054075;54,668;8,916;30000;OK
20.05.2010;19932;25842;Langenhorn;Dorfstr. 134;E20793012000000000000021212530001;Solarstrom;Gebäude;29,7;07 (NS);;Schleswig-Holstein Netz AG (E.ON Hanse AG);;TenneT TSO GmbH;28.412;29.019,667;977;SgK3341-----10, SgK330------10;01054075;54,668;8,916;30000;OK
25.05.2010;19932;25842;Langenhorn;Am Sportplatz 1A;E20793012000000000000021099190001;Solarstrom;Gebäude;8,64;07 (NS);;Schleswig-Holstein Netz AG (E.ON Hanse AG);;TenneT TSO GmbH;8.138;7.868,5;910;SgK3341-----10, SgK330------10;01054075;54,668;8,916;30000;OK
25.05.2010;19932;25842;Langenhorn;Dorfstr. 124;E20793012000000000000021220130001;Solarstrom;Gebäude;13,125;07 (NS);;Schleswig-Holstein Netz AG (E.ON Hanse AG);;TenneT TSO GmbH;12.037;12.279,25;935;SgK330------10;01054075;54,668;8,916;30000;OK
27.05.2010;19932;25842;Langenhorn;Dorfstr. 23;E20793012000000000000021137980001;Solarstrom;Gebäude;16,12;07 (NS);;Schleswig-Holstein Netz AG (E.ON Hanse AG);;TenneT TSO GmbH;12.645;12.735,25;790;SgK3341-----10, SgK330------10;01054075;54,668;8,916;30000;OK
08.06.2010;19932;25842;Langenhorn;Holmweg 23C;E20793012000000000000021119880001;Solarstrom;Gebäude;8,8;07 (NS);;Schleswig-Holstein Netz AG (E.ON Hanse AG);;TenneT TSO GmbH;7.900;8.795,25;999;SgK330------10, SgK3341-----10;01054075;54,668;8,916;30000;OK
09.06.2010;19932;25842;Langenhorn;Hohe Koppel 13;E20793012000000000000021246340001;Solarstrom;Gebäude;466,77;05 (MS);;Schleswig-Holstein Netz AG (E.ON Hanse AG);;TenneT TSO GmbH;422.616;427.898,5;916;SgK330------10, SgK331------10, SgK332------10;01054075;54,668;8,916;30000;OK
11.06.2010;19932;25842;Langenhorn;Dorfstr. 167;E20793012000000000000021348820001;Solarstrom;Gebäude;142,8;07 (NS);;Schleswig-Holstein Netz AG (E.ON Hanse AG);;TenneT TSO GmbH;142.843;144.169,5;1.009;SgK332------10, SgK331------10, SgK330------10;01054075;54,668;8,916;30000;OK
17.06.2010;19932;25842;Langenhorn;Redlingsweg 1A;E20793012000000000000021237530001;Solarstrom;Gebäude;69,3;07 (NS);;Schleswig-Holstein Netz AG (E.ON Hanse AG);;TenneT TSO GmbH;28.060;40.673,25;586;SgK331------10, SgK330------10;01054075;54,668;8,916;30000;?(kWh/kW),
17.06.2010;19932;25842;Langenhorn;Redlingsweg 1A;E20793012X00000000000021237530001;Solarstrom;Gebäude;39,3;07 (NS);;Schleswig-Holstein Netz AG (E.ON Hanse AG);;TenneT TSO GmbH;36.759;40.047,667;1.019;SgK331------10;01054075;54,668;8,916;30000;OK
18.06.2010;19932;25842;Langenhorn;Barntemoose 4;E20793012000000000000021258820001;Solarstrom;Gebäude;137,64;05 (MS);;Schleswig-Holstein Netz AG (E.ON Hanse AG);;TenneT TSO GmbH;135.851;137.362;997;SgK332------10, SgK331------10, SgK330------10;01054075;54,668;8,916;30000;?(SpE 5 vs. 137 kW),
21.06.2010;19932;25842;Langenhorn;Marktstraat 13;E20793012000000000000021271180001;Solarstrom;Gebäude;30,36;07 (NS);;Schleswig-Holstein Netz AG (E.ON Hanse AG);;TenneT TSO GmbH;28.691;29.045,75;956;SgK330------10, SgK331------10;01054075;54,668;8,916;30000;OK
21.06.2010;19932;25842;Langenhorn;Dorfstr. 66;E20793012000000000000021293010001;Solarstrom;Gebäude;16,8;07 (NS);;Schleswig-Holstein Netz AG (E.ON Hanse AG);;TenneT TSO GmbH;15.728;15.888,5;945;SgK330------10;01054075;54,668;8,916;30000;OK
22.06.2010;19932;25842;Langenhorn;Dorfstr. 66;E20793012000000000000021308200001;Solarstrom;Gebäude;29,99;07 (NS);;Schleswig-Holstein Netz AG (E.ON Hanse AG);;TenneT TSO GmbH;26.180;26.680;889;SgK330------10;01054075;54,668;8,916;30000;OK
23.06.2010;19932;25842;Langenhorn;Ingwer-Laseeter-Weg 5;E20793012000000000000021322690001;Solarstrom;Gebäude;9,25;07 (NS);;Schleswig-Holstein Netz AG (E.ON Hanse AG);;TenneT TSO GmbH;7.876;7.803,5;843;SgK330------10;01054075;54,668;8,916;30000;OK
25.06.2010;19932;25842;Langenhorn;Ant Schütthock;E20793012000000000000021123860001;Solarstrom;Gebäude;12,6;07 (NS);;Schleswig-Holstein Netz AG (E.ON Hanse AG);;TenneT TSO GmbH;10.751;10.862,75;862;SgK3341-----10, SgK330------10;01054075;54,668;8,916;30000;OK
25.06.2010;19932;25842;Langenhorn;Dorfstr. 63A;E20793012000000000000021124030001;Solarstrom;Gebäude;13,5;07 (NS);;Schleswig-Holstein Netz AG (E.ON Hanse AG);;TenneT TSO GmbH;12.342;12.459,5;922;SgK330------10, SgK3341-----10;01054075;54,668;8,916;30000;OK
25.06.2010;19932;25842;Langenhorn;Drift 10;E20793012000000000000021169180001;Solarstrom;Gebäude;12,6;07 (NS);;Schleswig-Holstein Netz AG (E.ON Hanse AG);;TenneT TSO GmbH;10.758;10.744,25;852;SgK3341-----10, SgK330------10;01054075;54,668;8,916;30000;OK
25.06.2010;19932;25842;Langenhorn;Tannenweg 1A;E20793012000000000000021170310001;Solarstrom;Gebäude;8,14;07 (NS);;Schleswig-Holstein Netz AG (E.ON Hanse AG);;TenneT TSO GmbH;6.768;7.107;873;SgK330------10, SgK3341-----10;01054075;54,668;8,916;30000;OK
25.06.2010;19932;25842;Langenhorn;An de School 6;E20793012000000000000021239480001;Solarstrom;Gebäude;19,35;07 (NS);;Schleswig-Holstein Netz AG (E.ON Hanse AG);;TenneT TSO GmbH;18.353;17.873,5;923;SgK330------10;01054075;54,668;8,916;30000;OK
25.06.2010;19932;25842;Langenhorn;Tannenweg 3A;E20793012000000000000021323230001;Solarstrom;Gebäude;14,83;07 (NS);;Schleswig-Holstein Netz AG (E.ON Hanse AG);;TenneT TSO GmbH;13.982;14.066,5;948;SgK330------10, SgK331------10;01054075;54,668;8,916;30000;OK
28.06.2010;19932;25842;Langenhorn;Kornkoogsweg 11;E20793012000000000000021309760001;Solarstrom;Gebäude;150,08;05 (MS);;Schleswig-Holstein Netz AG (E.ON Hanse AG);;TenneT TSO GmbH;166.898;160.799,25;1.071;SgK331------10, SgK332------10, SgK330------10;01054075;54,668;8,916;30000;?(SpE 5 vs. 150 kW),
28.06.2010;19932;25842;Langenhorn;Hohe Koppel 6;E20793012000000000000021401990001;Solarstrom;Gebäude;70,56;07 (NS);;Schleswig-Holstein Netz AG (E.ON Hanse AG);;TenneT TSO GmbH;66.257;66.903;948;SgK330------10, SgK331------10;01054075;54,668;8,916;30000;OK
28.06.2010;19932;25842;Langenhorn;Hohe Koppel 5;E20793012000000000000021466730001;Solarstrom;Gebäude;160,74;07 (NS);;Schleswig-Holstein Netz AG (E.ON Hanse AG);;TenneT TSO GmbH;145.645;149.153,25;927;SgK331------10, SgK332------10, SgK330------10;01054075;54,668;8,916;30000;OK
30.06.2010;19932;25842;Langenhorn;Holmweg 75;E20793012000000000000021139480001;Solarstrom;Gebäude;2,16;07 (NS);;Schleswig-Holstein Netz AG (E.ON Hanse AG);;TenneT TSO GmbH;1.649;1.572;727;SgK330------10, SgK3341-----10;01054075;54,668;8,916;30000;OK
30.06.2010;19932;25842;Langenhorn;Dorfstr. 232;E20793012000000000000021272340001;Solarstrom;Gebäude;245,39;05 (MS);;Schleswig-Holstein Netz AG (E.ON Hanse AG);;TenneT TSO GmbH;230.441;234.939,5;957;SgK330------10, SgK331------10, SgK332------10;01054075;54,668;8,916;30000;OK
30.06.2010;19932;25842;Langenhorn;Dorfstr. 112;E20793012000000000000021296310001;Solarstrom;Gebäude;87,45;07 (NS);;Schleswig-Holstein Netz AG (E.ON Hanse AG);;TenneT TSO GmbH;78.813;80.487,5;920;SgK331------10, SgK330------10;01054075;54,668;8,916;30000;OK
30.06.2010;19932;25842;Langenhorn;Hohe Koppel 11;E20793012000000000000021339820001;Solarstrom;Gebäude;30;07 (NS);;Schleswig-Holstein Netz AG (E.ON Hanse AG);;TenneT TSO GmbH;52.356;52.875,5;1.762;SgK331------10, SgK330------10;01054075;54,668;8,916;30000;OK
30.06.2010;19932;25842;Langenhorn;Klaus-Groth-Str. 26;E20793012000000000000021344110001;Solarstrom;Gebäude;6,53;07 (NS);;Schleswig-Holstein Netz AG (E.ON Hanse AG);;TenneT TSO GmbH;5.574;5.617,25;860;SgK330------10;01054075;54,668;8,916;30000;OK
30.06.2010;19932;25842;Langenhorn;Beekensweg 7;E20793012000000000000021345390001;Solarstrom;Gebäude;99,9;07 (NS);;Schleswig-Holstein Netz AG (E.ON Hanse AG);;TenneT TSO GmbH;91.840;92.222,667;923;SgK330------10, SgK331------10;01054075;54,668;8,916;30000;OK
19.07.2010;19932;25842;Langenhorn;Marktstraat 37A;E20793012000000000000021246440001;Solarstrom;Gebäude;17,2;07 (NS);;Schleswig-Holstein Netz AG (E.ON Hanse AG);;TenneT TSO GmbH;15.592;15.839,5;920;SgK330---Jul10;01054075;54,668;8,916;30000;OK
30.07.2010;19932;25842;Langenhorn;K 73 Efkebüll 4;E20793012000000000000021302890001;Solarstrom;Gebäude;99;07 (NS);;Schleswig-Holstein Netz AG (E.ON Hanse AG);;TenneT TSO GmbH;90.300;84.636;854;SgK331---Jul10, SgK330---Jul10;01054075;54,668;8,916;30000;OK
21.08.2010;19932;25842;Langenhorn;Möhlenmaad 5;E20793012000000000000021028360001;Biomasse;Biogas;260;05 (MS);;Schleswig-Holstein Netz AG (E.ON Hanse AG);;TenneT TSO GmbH;1.949.240;2.088.772,75;8.033;BiK33b1-MPMFeb, BiK33b1-MPMJan, BiK33b1-MPMMrz, BiK33b1-MPMJul, BiK33b1-MPMJun, BiK33b1-MPMDez, BiK33b1-MPMSep, BiK33b1-MPMMai, BiK33b1-MPMNov, BiK33b1-MPMApr, BiK33b1-MPMAug, BiK33b1-MPMOkt;01054075;54,668;8,916;30000;OK
31.08.2010;19932;25842;Langenhorn;Barntemoose 4;E20793012000000000000021266670001;Biomasse;Biogas;250;05 (MS);;Schleswig-Holstein Netz AG (E.ON Hanse AG);;TenneT TSO GmbH;2.117.878;2.110.451,75;8.441;BiK33b1-MPMFeb, BiK33b1-MPMDez, BiK33b1-MPMNov, BiK33b1-MPMJun, BiK33b1-MPMJul, BiK33b1-MPMMai, BiK33b1-MPMSep, BiK33b1-MPMJan, BiK33b1-MPMAug, BiK33b1-MPMOkt, BiK33b1-MPMApr, BiK33b1-MPMMrz;01054075;54,668;8,916;30000;OK
31.08.2010;19932;25842;Langenhorn;Wester Borgweg 6;E20793012000000000000021270320001;Biomasse;Biogas;400;05 (MS);;Schleswig-Holstein Netz AG (E.ON Hanse AG);;TenneT TSO GmbH;2.992.169;3.208.194,75;8.020;BiK33b1-MPMDez, BiK33b1-MPMOkt, BiK33b1-MPMJan, BiK33b1-MPMJun, BiK33b1-MPMFeb, BiK33b1-MPMJul, BiK33b1-MPMNov, BiK33b1-MPMSep, BiK33b1-MPMMrz, BiK33b1-MPMAug, BiK33b1-MPMApr, BiK33b1-MPMMai;01054075;54,668;8,916;30000;OK
04.09.2010;19932;25842;Langenhorn;Blinker 1;E20793012000000000000021298020001;Solarstrom;Gebäude;30;07 (NS);;Schleswig-Holstein Netz AG (E.ON Hanse AG);;TenneT TSO GmbH;36.807;37.267,25;1.242;SgK171-------0, SgK330---Jul10;01054075;54,668;8,916;30000;OK
14.09.2010;19932;25842;Langenhorn;Momsenstr. 8;E20793012000000000000021402320001;Solarstrom;Gebäude;7,4;07 (NS);;Schleswig-Holstein Netz AG (E.ON Hanse AG);;TenneT TSO GmbH;5.959;5.522,25;746;SgK330---Jul10;01054075;54,668;8,916;30000;OK
24.09.2010;19932;25842;Langenhorn;Dorfstr. 13;E20793014000000000000021354070001;Solarstrom;Gebäude;148,72;05 (MS);;Schleswig-Holstein Netz AG (E.ON Hanse AG);;TenneT TSO GmbH;145.477;146.936;988;SgK332---Jul10, SgK331---Jul10, SgK330---Jul10;01054075;54,668;8,916;30000;?(SpE 5 vs. 148 kW),
28.09.2010;19932;25842;Langenhorn;An de Möhl 2;E20793012000000000000021384710001;Solarstrom;Gebäude;6,66;07 (NS);;Schleswig-Holstein Netz AG (E.ON Hanse AG);;TenneT TSO GmbH;5.825;5.655;849;SgK330---Jul10;01054075;54,668;8,916;30000;OK
30.09.2010;19932;25842;Langenhorn;Wittekoogsweg 3;E20793012000000000000021395700001;Solarstrom;Gebäude;54,45;07 (NS);;Schleswig-Holstein Netz AG (E.ON Hanse AG);;TenneT TSO GmbH;48.714;51.009,25;936;SgK331---Jul10, SgK330---Jul10;01054075;54,668;8,916;30000;OK
07.10.2010;19932;25842;Langenhorn;Dorfstr. 63;E20793012000000000000021217450001;Solarstrom;Gebäude;5,64;07 (NS);;Schleswig-Holstein Netz AG (E.ON Hanse AG);;TenneT TSO GmbH;5.317;5.454,75;967;SgK33410-Okt10, SgK330---Okt10;01054075;54,668;8,916;30000;OK
22.11.2010;19932;25842;Langenhorn;Marktstraat 55;E20793012000000000000021398500001;Solarstrom;Gebäude;3,78;07 (NS);;Schleswig-Holstein Netz AG (E.ON Hanse AG);;TenneT TSO GmbH;3.418;4.166;1.102;SgK330---Okt10, SgK33410-Okt10;01054075;54,668;8,916;30000;OK
22.12.2010;19932;25842;Langenhorn;Hohe Koppel 7;E20793012000000000000021497010001;Solarstrom;Gebäude;42;07 (NS);;Schleswig-Holstein Netz AG (E.ON Hanse AG);;TenneT TSO GmbH;33.829;32.916,75;783;SgK330---Okt10, SgK331---Okt10;01054075;54,668;8,916;30000;OK
23.12.2010;19932;25842;Langenhorn;Hohe Koppel 14;E20793012000000000000021465090001;Solarstrom;Gebäude;54,99;07 (NS);;Schleswig-Holstein Netz AG (E.ON Hanse AG);;TenneT TSO GmbH;53.426;55.698,25;1.012;SgK33411-Okt10, SgK33410-Okt10, SgK331---Okt10, SgK330---Okt10;01054075;54,668;8,916;30000;OK
29.12.2010;19932;25842;Langenhorn;Dorfstr. 126;E20793012000000000000021402130001;Solarstrom;Gebäude;202,4;07 (NS);;Schleswig-Holstein Netz AG (E.ON Hanse AG);;TenneT TSO GmbH;189.220;197.081,25;973;SgK331---Okt10, SgK332---Okt10, SgK330---Okt10;01054075;54,668;8,916;30000;?(SpE 7 vs. 202 kW),
30.12.2010;19932;25842;Langenhorn;Sikkeackerweg 7;E20793012000000000000021470410001;Solarstrom;Gebäude;172,25;05 (MS);;Schleswig-Holstein Netz AG (E.ON Hanse AG);;TenneT TSO GmbH;151.045;90.152;523;SgK331---Okt10, SgK330---Okt10, SgK332---Okt10;01054075;54,668;8,916;30000;?(SpE 5 vs. 172 kW),?(kWh/kW),
11.02.2011;19932;25842;Langenhorn;Sikkeackerweg 7;E20793012Z00000000000021470410002;Solarstrom;Gebäude;176,84;05 (MS);;Schleswig-Holstein Netz AG (E.ON Hanse AG);;TenneT TSO GmbH;155.073;158.276,667;895;SgK332------11;01054075;54,668;8,916;30000;?(SpE 5 vs. 176 kW),
02.05.2011;19932;25842;Langenhorn;Dorfstr. 92;E20793012000000000000021516190001;Solarstrom;Gebäude;17,56;07 (NS);;Schleswig-Holstein Netz AG (E.ON Hanse AG);;TenneT TSO GmbH;17.388;17.700;1.007;SgK330------11;01054075;54,668;8,916;30000;OK
17.05.2011;19932;25842;Langenhorn;Alte Gärtnerei 1;E20793012000000000000021521700001;Solarstrom;Gebäude;7,92;07 (NS);;Schleswig-Holstein Netz AG (E.ON Hanse AG);;TenneT TSO GmbH;7.677;7.725;975;SgK330------11, SgK33410----11;01054075;54,668;8,916;30000;OK
26.05.2011;19932;25842;Langenhorn;Dorfstr. 178;E20793012000000000000021510440001;Solarstrom;Gebäude;7,82;07 (NS);;Schleswig-Holstein Netz AG (E.ON Hanse AG);;TenneT TSO GmbH;7.713;7.801,333;997;SgK330------11;01054075;54,668;8,916;30000;OK
26.05.2011;19932;25842;Langenhorn;Mönkebüller Str. 11;E20793012000000000000021548660001;Solarstrom;Gebäude;99,82;07 (NS);;Schleswig-Holstein Netz AG (E.ON Hanse AG);;TenneT TSO GmbH;30.084;54.334,667;544;SgK331------11, SgK330------11;01054075;54,668;8,916;30000;?(kWh/kW),
26.05.2011;19932;25842;Langenhorn;Mönkebüller Str. 11;E20793012X00000000000021548660001;Solarstrom;Gebäude;69,82;07 (NS);;Schleswig-Holstein Netz AG (E.ON Hanse AG);;TenneT TSO GmbH;70.016;69.418;994;SgK331------11;01054075;54,679;8,908;30000;OK
28.05.2011;19932;25842;Langenhorn;Dorfstr. 107;E20793012S12000000000001547640001;Solarstrom;Gebäude;7,74;07 (NS);;Schleswig-Holstein Netz AG (E.ON Hanse AG);;TenneT TSO GmbH;6.654;6.792;877;SgK33410----11, SgK330------11;01054075;54,668;8,916;30000;OK
31.05.2011;19932;25842;Langenhorn;Dorfstr. 84;E20793012000000000000021538540001;Solarstrom;Gebäude;11;07 (NS);;Schleswig-Holstein Netz AG (E.ON Hanse AG);;TenneT TSO GmbH;13.607;11.725,333;1.065;SgK330------11;01054075;54,668;8,916;30000;OK
06.06.2011;19932;25842;Langenhorn;Hohe Koppel 5;E20793012000000000000017539210002;Solarstrom;Gebäude;14,94;07 (NS);;Schleswig-Holstein Netz AG (E.ON Hanse AG);;TenneT TSO GmbH;11.163;10.636,333;711;SgK330------11;01054075;54,668;8,916;30000;OK
08.06.2011;19932;25842;Langenhorn;K 73 Efkebüll 11;E20793012S12000000000001769280001;Solarstrom;Gebäude;4,8;07 (NS);;Schleswig-Holstein Netz AG (E.ON Hanse AG);;TenneT TSO GmbH;5.070;5.061,333;1.054;SgK330------11, SgK33410----11;01054075;54,668;8,916;30000;OK
09.06.2011;19932;25842;Langenhorn;Möhlenmaad 3;E20793012S12000000000001386030001;Solarstrom;Gebäude;15,12;07 (NS);;Schleswig-Holstein Netz AG (E.ON Hanse AG);;TenneT TSO GmbH;14.665;14.861,667;982;SgK330------11, SgK33410----11;01054075;54,668;8,916;30000;OK
15.06.2011;19932;25842;Langenhorn;Marktstraat 3;E20793012S12000000000002421000001;Solarstrom;Gebäude;67,73;07 (NS);;Schleswig-Holstein Netz AG (E.ON Hanse AG);;TenneT TSO GmbH;58.062;58.098;857;SgK33410----11, SgK330------11, SgK331------11, SgK33411----11;01054075;54,679;8,908;30000;OK
16.06.2011;19932;25842;Langenhorn;Momsenstr. 8;E20793012000000000000021402320002;Solarstrom;Gebäude;15,84;07 (NS);;Schleswig-Holstein Netz AG (E.ON Hanse AG);;TenneT TSO GmbH;;15.220;960;SgK330------11, SgK33410----11;01054075;54,679;8,908;30000;OK
16.06.2011;19932;25842;Langenhorn;Momsenstr. 8;E20793012X00000000000021402720001;Solarstrom;Gebäude;15,84;07 (NS);;Schleswig-Holstein Netz AG (E.ON Hanse AG);;TenneT TSO GmbH;12.756;12.713;802;SgK330------11;01054075;54,679;8,908;30000;OK
24.06.2011;19932;25842;Langenhorn;Holmweg 57;E20793012S12000000000001505130001;Solarstrom;Gebäude;7,74;07 (NS);;Schleswig-Holstein Netz AG (E.ON Hanse AG);;TenneT TSO GmbH;7.548;7.605;982;SgK330------11, SgK33410----11;01054075;54,668;8,916;30000;OK
28.06.2011;19932;25842;Langenhorn;Drift 3;E20793012S12000000000001760920001;Solarstrom;Gebäude;65,19;07 (NS);;Schleswig-Holstein Netz AG (E.ON Hanse AG);;TenneT TSO GmbH;56.240;56.551,667;867;SgK33410----11, SgK330------11, SgK33411----11, SgK331------11;01054075;54,668;8,916;30000;OK
01.07.2011;19932;25842;Langenhorn;Holmweg 45A;E20793012S12000000000001543950001;Solarstrom;Gebäude;95,68;07 (NS);;Schleswig-Holstein Netz AG (E.ON Hanse AG);;TenneT TSO GmbH;89.800;90.931;950;SgK331------11, SgK330------11;01054075;54,668;8,916;30000;OK
11.07.2011;19932;25842;Langenhorn;Dorfstr. 63A;E20793012S12000000000002237220001;Solarstrom;Gebäude;6,72;07 (NS);;Schleswig-Holstein Netz AG (E.ON Hanse AG);;TenneT TSO GmbH;6.143;5.975,333;889;SgK33410----11, SgK330------11;01054075;54,679;8,908;30000;OK
28.07.2011;19932;25842;Langenhorn;Klaus-Groth-Str. 13;E20793012S12000000000001549210001;Solarstrom;Gebäude;9,4;07 (NS);;Schleswig-Holstein Netz AG (E.ON Hanse AG);;TenneT TSO GmbH;7.460;7.990,333;850;SgK330------11, SgK33410----11;01054075;54,668;8,916;30000;OK
29.08.2011;19932;25842;Langenhorn;Gröder Weg 8;E20793012S12000000000001665050001;Solarstrom;Gebäude;12,28;07 (NS);;Schleswig-Holstein Netz AG (E.ON Hanse AG);;TenneT TSO GmbH;11.148;11.223,667;913;SgK33410----11, SgK330------11;01054075;54,668;8,916;30000;OK
31.08.2011;19932;25842;Langenhorn;Altendeich 9;E20793012S12000000000002414080001;Windkraft;Onshore;3.400;05 (MS);;Schleswig-Holstein Netz AG (E.ON Hanse AG);;TenneT TSO GmbH;13.807.916;14.145.046;4.160;WrK33b1eMPMJan, WrK33b1eMPMFeb, WrK33b1eMPMSep, WrK33b1eMPMApr, WrK33b1eMPMAug, WrK33b1eMPMMrz, WrK33b1eMPMJun, WrK33b1eMPMJul, WrK33b1eMPMMai, WrK33b1eMPMNov, WrK33b1eMPMDez, WrK33b1eMPMOkt;01054075;54,679;8,908;30000;?(kWh/kW),
09.09.2011;19932;25842;Langenhorn;Altendeich 9;E20793012S12X00000000002414080001;Windkraft;Onshore;3.400;05 (MS);;Schleswig-Holstein Netz AG (E.ON Hanse AG);;TenneT TSO GmbH;13.807.916;14.145.046;4.160;WrK33b1eMPMMai, WrK33b1eMPMJan, WrK33b1eMPMNov, WrK33b1eMPMDez, WrK33b1eMPMMrz, WrK33b1eMPMJun, WrK33b1eMPMOkt, WrK33b1eMPMAug, WrK33b1eMPMJul, WrK33b1eMPMFeb, WrK33b1eMPMSep, WrK33b1eMPMApr;01054075;54,679;8,908;30000;?(kWh/kW),
14.09.2011;19932;25842;Langenhorn;Jöhnkeweg 41;E20793012S12000000000001795170001;Solarstrom;Gebäude;14,19;07 (NS);;Schleswig-Holstein Netz AG (E.ON Hanse AG);;TenneT TSO GmbH;13.448;13.724,333;967;SgK330------11, SgK33410----11;01054075;54,668;8,916;30000;OK
10.10.2011;19932;25842;Langenhorn;Dorfstr. 111;E20793012S12000000000001933270001;Solarstrom;Gebäude;11,04;07 (NS);;Schleswig-Holstein Netz AG (E.ON Hanse AG);;TenneT TSO GmbH;9.915;9.955;901;SgK330------11, SgK33410----11;01054075;54,668;8,916;30000;OK
21.10.2011;19932;25842;Langenhorn;Altendeich 9;E20793012S12Y00000000002414080001;Windkraft;Onshore;3.400;05 (MS);;Schleswig-Holstein Netz AG (E.ON Hanse AG);;TenneT TSO GmbH;13.807.916;14.145.046;4.160;WrK33b1eMPMJun, WrK33b1eMPMDez, WrK33b1eMPMJan, WrK33b1eMPMMrz, WrK33b1eMPMSep, WrK33b1eMPMFeb, WrK33b1eMPMJul, WrK33b1eMPMOkt, WrK33b1eMPMMai, WrK33b1eMPMNov, WrK33b1eMPMApr, WrK33b1eMPMAug;01054075;54,679;8,908;30000;?(kWh/kW),
27.10.2011;19932;25842;Langenhorn;Altendeich 9;E20793012S12Z00000000002414080001;Windkraft;Onshore;3.400;05 (MS);;Schleswig-Holstein Netz AG (E.ON Hanse AG);;TenneT TSO GmbH;13.807.916;14.145.046;4.160;WrK33b1eMPMMai, WrK33b1eMPMAug, WrK33b1eMPMOkt, WrK33b1eMPMNov, WrK33b1eMPMDez, WrK33b1eMPMJan, WrK33b1eMPMFeb, WrK33b1eMPMJul, WrK33b1eMPMApr, WrK33b1eMPMSep, WrK33b1eMPMMrz, WrK33b1eMPMJun;01054075;54,679;8,908;30000;?(kWh/kW),
31.10.2011;19932;25842;Langenhorn;Holmweg 61;E20793012S12000000000001767580001;Solarstrom;Gebäude;19,565;07 (NS);;Schleswig-Holstein Netz AG (E.ON Hanse AG);;TenneT TSO GmbH;17.843;16.150;825;SgK330------11, SgK33410----11;01054075;54,679;8,908;30000;OK
03.11.2011;19932;25842;Langenhorn;Hohe Koppel;E2079301S120000000000023140300001;Biomasse;Biogas;265;05 (MS);;Schleswig-Holstein Netz AG (E.ON Hanse AG);;TenneT TSO GmbH;2.206.602;2.198.255;8.295;BiK33b1-MPMMrz, BiK33b1-MPMDez, BiK33b1-MPMJul, BiK33b1-MPMFeb, BiK33b1-MPMAug, BiK1011----MPM, BiK33b1-MPMSep, BiK33b1-MPMNov, BiK33b1-MPMJun, BiK33b1-MPMApr, BiK33b1-MPMOkt, BiK33b1-MPMJan, BiK33b1-MPMMai;01054075;54,679;8,908;30000;OK
03.11.2011;19932;25842;Langenhorn;Sönke-Matthiesen-Weg 3;E20793042S12000000000002204000001;Solarstrom;Gebäude;10,2;07 (NS);;Schleswig-Holstein Netz AG (E.ON Hanse AG);;TenneT TSO GmbH;10.238;10.305;1.010;SgK330------11, SgK33410----11;01054075;54,679;8,908;30000;OK
04.11.2011;19932;25842;Langenhorn;Rott 6;E20793012S12000000000001976710001;Solarstrom;Gebäude;8,74;07 (NS);;Schleswig-Holstein Netz AG (E.ON Hanse AG);;TenneT TSO GmbH;7.690;7.764,667;888;SgK33410----11, SgK330------11;01054075;54,679;8,908;30000;OK
07.11.2011;19932;25842;Langenhorn;Jöhnkeweg 36;E20793012S12000000000001986930001;Solarstrom;Gebäude;11,22;07 (NS);;Schleswig-Holstein Netz AG (E.ON Hanse AG);;TenneT TSO GmbH;10.599;10.693,667;953;SgK33410----11, SgK330------11;01054075;54,668;8,916;30000;OK
09.11.2011;19932;25842;Langenhorn;Landjahrweg 2;E20793012S12000000000002379170001;Solarstrom;Gebäude;9,88;07 (NS);;Schleswig-Holstein Netz AG (E.ON Hanse AG);;TenneT TSO GmbH;9.082;8.963,667;907;SgK33410----11, SgK330------11;01054075;54,679;8,908;30000;OK
11.11.2011;19932;25842;Langenhorn;Altendeich 7;E20793012S12000000000001984590001;Solarstrom;Gebäude;29,07;07 (NS);;Schleswig-Holstein Netz AG (E.ON Hanse AG);;TenneT TSO GmbH;31.657;30.403,333;1.045;SgK330------11;01054075;54,679;8,908;30000;OK
15.11.2011;19932;25842;Langenhorn;Ackerweg 8;E2079302S120000000000020303600001;Solarstrom;Gebäude;10,35;07 (NS);;Schleswig-Holstein Netz AG (E.ON Hanse AG);;TenneT TSO GmbH;9.939;10.067,333;972;SgK330------11, SgK33410----11;01054075;54,668;8,916;30000;OK
21.11.2011;19932;25842;Langenhorn;Holmweg 36;E20793012S12000000000001992430001;Solarstrom;Gebäude;9,4;07 (NS);;Schleswig-Holstein Netz AG (E.ON Hanse AG);;TenneT TSO GmbH;7.743;7.787,667;828;SgK330------11, SgK33410----11;01054075;54,679;8,908;30000;OK
21.11.2011;19932;25842;Langenhorn;Burlagsweg 2;E2079301S120000000000019965800001;Solarstrom;Gebäude;17,86;07 (NS);;Schleswig-Holstein Netz AG (E.ON Hanse AG);;TenneT TSO GmbH;16.855;16.899;946;SgK330------11, SgK33410----11;01054075;54,679;8,908;30000;OK
21.11.2011;19932;25842;Langenhorn;Friedrich-Paulsen-Weg 3;E2079302S120000000000020045800001;Solarstrom;Gebäude;6,84;07 (NS);;Schleswig-Holstein Netz AG (E.ON Hanse AG);;TenneT TSO GmbH;6.161;6.262,333;915;SgK330------11, SgK33410----11;01054075;54,668;8,916;30000;OK
25.11.2011;19932;25842;Langenhorn;Horne 1;E2079301S120000000000025473000001;Solarstrom;Gebäude;8,74;07 (NS);;Schleswig-Holstein Netz AG (E.ON Hanse AG);;TenneT TSO GmbH;7.740;7.618,667;871;SgK33410----11, SgK330------11;01054075;54,679;8,908;30000;OK
28.11.2011;19932;25842;Langenhorn;Marktstraat 53;E20793012S12000000000002016240001;Solarstrom;Gebäude;4,7;07 (NS);;Schleswig-Holstein Netz AG (E.ON Hanse AG);;TenneT TSO GmbH;4.262;4.208,667;895;SgK330------11, SgK33410----11;01054075;54,668;8,916;30000;OK
28.11.2011;19932;25842;Langenhorn;Redlingsweg 22;E20793012S12000000000002016250001;Solarstrom;Gebäude;12,96;07 (NS);;Schleswig-Holstein Netz AG (E.ON Hanse AG);;TenneT TSO GmbH;11.539;11.363;876;SgK330------11, SgK33410----11;01054075;54,668;8,916;30000;OK
28.11.2011;19932;25842;Langenhorn;Hooger Weg 5;E20793012S12000000000002054380001;Solarstrom;Gebäude;5,7;07 (NS);;Schleswig-Holstein Netz AG (E.ON Hanse AG);;TenneT TSO GmbH;4.815;4.807,667;843;SgK33410----11, SgK330------11;01054075;54,668;8,916;30000;OK
28.11.2011;19932;25842;Langenhorn;Holmweg 85A;E20793012S12000000000002114150001;Solarstrom;Gebäude;9,99;07 (NS);;Schleswig-Holstein Netz AG (E.ON Hanse AG);;TenneT TSO GmbH;9.542;9.676,333;968;SgK330------11, SgK33410----11;01054075;54,679;8,908;30000;OK
29.11.2011;19932;25842;Langenhorn;Beekensweg 7;E20793012000000000000021345390002;Solarstrom;Gebäude;21,84;07 (NS);;Schleswig-Holstein Netz AG (E.ON Hanse AG);;TenneT TSO GmbH;20.079;20.163,667;923;SgK330------11;01054075;54,679;8,908;30000;OK
30.11.2011;19932;25842;Langenhorn;Gärtnerweg 10;E20793012S12000000000002058360001;Solarstrom;Gebäude;10,81;07 (NS);;Schleswig-Holstein Netz AG (E.ON Hanse AG);;TenneT TSO GmbH;10.166;10.262,333;949;SgK330------11, SgK33410----11;01054075;54,668;8,916;30000;OK
08.12.2011;19932;25842;Langenhorn;Hohe Koppel 14;E2079301S120000000000026897300001;Solarstrom;Gebäude;18,1;07 (NS);;Schleswig-Holstein Netz AG (E.ON Hanse AG);;TenneT TSO GmbH;17.585;17.810,667;984;SgK331------11, SgK33411----11;01054075;54,679;8,908;30000;OK
13.12.2011;19932;25842;Langenhorn;Gröder Weg 12;E20793012S12000000000002258710001;Solarstrom;Gebäude;10,07;07 (NS);;Schleswig-Holstein Netz AG (E.ON Hanse AG);;TenneT TSO GmbH;9.101;9.315;925;SgK33410----11, SgK330------11;01054075;54,679;8,908;30000;OK
13.12.2011;19932;25842;Langenhorn;Drift 9;E20793012S12000000000002294650001;Solarstrom;Gebäude;12,42;07 (NS);;Schleswig-Holstein Netz AG (E.ON Hanse AG);;TenneT TSO GmbH;12.080;11.613;935;SgK330------11, SgK33410----11;01054075;54,679;8,908;30000;OK
14.12.2011;19932;25842;Langenhorn;Ihleweg 3;E20793042S12000000000002210200001;Solarstrom;Gebäude;29,9;07 (NS);;Schleswig-Holstein Netz AG (E.ON Hanse AG);;TenneT TSO GmbH;28.676;28.196,333;943;SgK33410----11, SgK330------11;01054075;54,679;8,908;30000;OK
16.12.2011;19932;25842;Langenhorn;Gärtnerweg 20;E20793012S12000000000002342550001;Solarstrom;Gebäude;9,35;07 (NS);;Schleswig-Holstein Netz AG (E.ON Hanse AG);;TenneT TSO GmbH;9.117;8.658;925;SgK33410----11, SgK330------11;01054075;54,679;8,908;30000;OK
17.12.2011;19932;25842;Langenhorn;Dorfstr. 143;E20793012S12000000000002492180001;Solarstrom;Gebäude;5,89;07 (NS);;Schleswig-Holstein Netz AG (E.ON Hanse AG);;TenneT TSO GmbH;4.979;4.965;842;SgK330------11, SgK33410----11;01054075;54,679;8,908;30000;OK
20.12.2011;19932;25842;Langenhorn;Dorfstr. 256;E20793012S12000000000002384780001;Solarstrom;Gebäude;6,84;07 (NS);;Schleswig-Holstein Netz AG (E.ON Hanse AG);;TenneT TSO GmbH;6.043;6.051;884;SgK330------11, SgK33410----11;01054075;54,679;8,908;30000;OK
21.12.2011;19932;25842;Langenhorn;An der B 5 18;E2079301S120000000000034967800001;Solarstrom;Gebäude;18,83;07 (NS);;Schleswig-Holstein Netz AG (E.ON Hanse AG);;TenneT TSO GmbH;19.015;17.604,667;934;SgK330------11, SgK33410----11;01054075;54,679;8,908;30000;OK
22.12.2011;19932;25842;Langenhorn;Sikkeackerweg 3;E20793012S12000000000002343700001;Solarstrom;Gebäude;9,84;07 (NS);;Schleswig-Holstein Netz AG (E.ON Hanse AG);;TenneT TSO GmbH;7.838;7.996,667;812;SgK330------11, SgK33410----11;01054075;54,679;8,908;30000;OK
27.12.2011;19932;25842;Langenhorn;Süderende 9;E20793012S12000000000002384010001;Solarstrom;Gebäude;6;07 (NS);;Schleswig-Holstein Netz AG (E.ON Hanse AG);;TenneT TSO GmbH;5.658;5.687;947;SgK330------11, SgK33410----11;01054075;54,679;8,908;30000;OK
27.12.2011;19932;25842;Langenhorn;Gärtnerweg 15;E20793012S12000000000002394980001;Solarstrom;Gebäude;15,84;07 (NS);;Schleswig-Holstein Netz AG (E.ON Hanse AG);;TenneT TSO GmbH;15.020;15.105,333;953;SgK330------11, SgK33410----11;01054075;54,679;8,908;30000;OK
27.12.2011;19932;25842;Langenhorn;Jöhnkeweg 45;E20793012S12000000000002395760001;Solarstrom;Gebäude;7,68;07 (NS);;Schleswig-Holstein Netz AG (E.ON Hanse AG);;TenneT TSO GmbH;5.885;6.098,667;794;SgK33410----11, SgK330------11;01054075;54,679;8,908;30000;OK
27.12.2011;19932;25842;Langenhorn;Dorfstr. 232;E2079301S120000000000032103900002;Solarstrom;Gebäude;41,04;05 (MS);;Schleswig-Holstein Netz AG (E.ON Hanse AG);;TenneT TSO GmbH;38.538;38.978,667;949;SgK330------11, SgK331------11;01054075;54,679;8,908;30000;?(SpE 5 vs. 41 kW),
28.12.2011;19932;25842;Langenhorn;Gärtnerweg 11A;E20793012S12000000000002191410001;Solarstrom;Gebäude;13,8;07 (NS);;Schleswig-Holstein Netz AG (E.ON Hanse AG);;TenneT TSO GmbH;12.925;13.060,667;946;SgK330------11, SgK33410----11;01054075;54,679;8,908;30000;OK
28.12.2011;19932;25842;Langenhorn;Olandweg 13A-B;E20793012S12000000000002214930001;Solarstrom;Gebäude;17,6;07 (NS);;Schleswig-Holstein Netz AG (E.ON Hanse AG);;TenneT TSO GmbH;;16.017,33;910;SgK330------11;01054075;54,679;8,908;30000;OK
28.12.2011;19932;25842;Langenhorn;Hochacker 3;E20793012S12000000000002254700001;Solarstrom;Gebäude;17,02;07 (NS);;Schleswig-Holstein Netz AG (E.ON Hanse AG);;TenneT TSO GmbH;16.161;16.139;948;SgK33410----11, SgK330------11;01054075;54,679;8,908;30000;OK
28.12.2011;19932;25842;Langenhorn;Dorfstr. 42;E2079301S120000000000022645200001;Solarstrom;Gebäude;19,4;07 (NS);;Schleswig-Holstein Netz AG (E.ON Hanse AG);;TenneT TSO GmbH;18.332;18.211;938;SgK33410----11, SgK330------11;01054075;54,679;8,908;30000;OK
28.12.2011;19932;25842;Langenhorn;Hohe Koppel 5;E2079301S120000000000041013900001;Solarstrom;Gebäude;66,6;07 (NS);;Schleswig-Holstein Netz AG (E.ON Hanse AG);;TenneT TSO GmbH;66.144;61.520;923;SgK330------11, SgK331------11;01054075;54,679;8,908;30000;OK
28.12.2011;19932;25842;Langenhorn;K 73 Efkebüll 4;E2079301S120000000000043681800001;Windkraft;Onshore;6;07 (NS);;Schleswig-Holstein Netz AG (E.ON Hanse AG);;TenneT TSO GmbH;1.670;1.670;278;WnK290------11;01054075;54,679;8,908;30000;?(kWh/kW),
28.12.2011;19932;25842;Langenhorn;K 73 Efkebüll 4;E2079301S120000000000043681800002;Windkraft;Onshore;6;07 (NS);;Schleswig-Holstein Netz AG (E.ON Hanse AG);;TenneT TSO GmbH;1.670;1.670;278;WnK290------11;01054075;54,679;8,908;30000;?(kWh/kW),
29.12.2011;19932;25842;Langenhorn;Holmweg 40B;E20793012S12000000000002388510001;Solarstrom;Gebäude;13,87;07 (NS);;Schleswig-Holstein Netz AG (E.ON Hanse AG);;TenneT TSO GmbH;413;9.659,038;696;SgK330------11, SgK33410----11;01054075;54,679;8,908;30000;?(kWh/kW),
29.12.2011;19932;25842;Langenhorn;Hohe Koppel 1;E2079301SZP0000000000040435100001;Solarstrom;Gebäude;354,72;07 (NS);;Schleswig-Holstein Netz AG (E.ON Hanse AG);;TenneT TSO GmbH;118.347;206.758,333;582;SgK330------11, SgK332------11, SgK331------11;01054075;54,679;8,908;30000;?(SpE 7 vs. 354 kW),?(kWh/kW),
30.12.2011;19932;25842;Langenhorn;Klaus-Groth-Str. 11;E20793012S12000000000002344890001;Solarstrom;Gebäude;18,7;07 (NS);;Schleswig-Holstein Netz AG (E.ON Hanse AG);;TenneT TSO GmbH;16.399;17.038,333;911;SgK33410----11, SgK330------11;01054075;54,679;8,908;30000;OK
30.12.2011;19932;25842;Langenhorn;Redlingsweg 5A;E20793012S12000000000002393040001;Solarstrom;Gebäude;14,652;07 (NS);;Schleswig-Holstein Netz AG (E.ON Hanse AG);;TenneT TSO GmbH;12.710;12.748,333;870;SgK33410----11, SgK330------11;01054075;54,679;8,908;30000;OK
30.12.2011;19932;25842;Langenhorn;Dorfstr. 162;E20793012S12000000000002393680001;Solarstrom;Gebäude;10,2;07 (NS);;Schleswig-Holstein Netz AG (E.ON Hanse AG);;TenneT TSO GmbH;9.365;9.559;937;SgK330------11, SgK33410----11;01054075;54,679;8,908;30000;OK
31.12.2011;19932;25842;Langenhorn;Gärtnerweg 13;E20793012S12000000000002396930001;Solarstrom;Gebäude;15,98;07 (NS);;Schleswig-Holstein Netz AG (E.ON Hanse AG);;TenneT TSO GmbH;14.847;14.854;929;SgK330------11, SgK33410----11;01054075;54,679;8,908;30000;OK
31.12.2011;19932;25842;Langenhorn;Baron-von-Gelting-Weg 33;E20793012S12000000000002416870001;Solarstrom;Gebäude;7,36;07 (NS);;Schleswig-Holstein Netz AG (E.ON Hanse AG);;TenneT TSO GmbH;6.708;6.622,333;899;SgK33410----11, SgK330------11;01054075;54,679;8,908;30000;OK
31.12.2011;19932;25842;Langenhorn;Kiefernweg 6;E20793012S12000000000002445420001;Solarstrom;Gebäude;11,04;07 (NS);;Schleswig-Holstein Netz AG (E.ON Hanse AG);;TenneT TSO GmbH;10.836;10.650,667;964;SgK330------11, SgK33410----11;01054075;54,679;8,908;30000;OK
31.12.2011;19932;25842;Langenhorn;Schlott 4;E20793012S12000000000002648190001;Solarstrom;Gebäude;7,99;07 (NS);;Schleswig-Holstein Netz AG (E.ON Hanse AG);;TenneT TSO GmbH;7.062;6.724,667;841;SgK33410----11, SgK330------11;01054075;54,679;8,908;30000;OK
08.02.2012;19932;25842;Langenhorn;Baron-von-Gelting-Weg 4;E2079301S120000000000027565500001;Solarstrom;Gebäude;7,05;07 (NS);;Schleswig-Holstein Netz AG (E.ON Hanse AG);;TenneT TSO GmbH;6.672;6.756,5;958;SgK330------12, SgK33410----12;01054075;54,679;8,908;30000;OK
27.02.2012;19932;25842;Langenhorn;Schoolstieg 2;E2079301S120000000000031791100001;Solarstrom;Gebäude;13,26;07 (NS);;Schleswig-Holstein Netz AG (E.ON Hanse AG);;TenneT TSO GmbH;13.315;13.496,5;1.017;SgK33410----12, SgK330------12;01054075;54,679;8,908;30000;OK
06.03.2012;19932;25842;Langenhorn;Ferdinand-Dircks-Weg 5;E20793012S12000000000002864550001;Solarstrom;Gebäude;8,32;07 (NS);;Schleswig-Holstein Netz AG (E.ON Hanse AG);;TenneT TSO GmbH;7.715;7.755,5;932;SgK330------12, SgK33410----12;01054075;54,679;8,908;30000;OK
06.03.2012;19932;25842;Langenhorn;Ihleweg 3;E20793042S12000000000002210200002;Solarstrom;Gebäude;5,26;07 (NS);;Schleswig-Holstein Netz AG (E.ON Hanse AG);;TenneT TSO GmbH;5.045;4.928;936;SgK330------12, SgK331------12, SgK33411----12, SgK33410----12;01054075;54,679;8,908;30000;OK
07.03.2012;19932;25842;Langenhorn;Hohe Koppel 11;E2079301S120000000000027711000001;Solarstrom;Gebäude;24,5;07 (NS);;Schleswig-Holstein Netz AG (E.ON Hanse AG);;TenneT TSO GmbH;16.388;16.600,5;677;SgK330------12, SgK33410----12;01054075;54,679;8,908;30000;OK
07.03.2012;19932;25842;Langenhorn;Hohe Koppel;E2079302S120000000000027677700001;Solarstrom;Gebäude;273,54;07 (NS);;Schleswig-Holstein Netz AG (E.ON Hanse AG);;TenneT TSO GmbH;281.673;286.641,5;1.047;SgK332------12, SgK330------12, SgK331------12;01054075;54,679;8,908;30000;?(SpE 7 vs. 273 kW),
08.03.2012;19932;25842;Langenhorn;Dorfstr. 252;E20793012S12000000000002763820001;Solarstrom;Gebäude;9,69;07 (NS);;Schleswig-Holstein Netz AG (E.ON Hanse AG);;TenneT TSO GmbH;7.350;7.641,5;788;SgK33410----12, SgK330------12;01054075;54,679;8,908;30000;OK
08.03.2012;19932;25842;Langenhorn;Marktstraat 15;E2079301S120000000000031747400001;Solarstrom;Gebäude;14,7;07 (NS);;Schleswig-Holstein Netz AG (E.ON Hanse AG);;TenneT TSO GmbH;13.406;13.842,5;941;SgK33410----12, SgK330------12;01054075;54,679;8,908;30000;OK
08.03.2012;19932;25842;Langenhorn;An der B 5 15;E2079301S120000000000034510400001;Solarstrom;Gebäude;29,07;07 (NS);;Schleswig-Holstein Netz AG (E.ON Hanse AG);;TenneT TSO GmbH;25.925;26.530;912;SgK330------12, SgK33410----12;01054075;54,679;8,908;30000;OK
08.03.2012;19932;25842;Langenhorn;Hohe Koppel 7;E2079301S120000000000034661300001;Solarstrom;Gebäude;93,84;07 (NS);;Schleswig-Holstein Netz AG (E.ON Hanse AG);;TenneT TSO GmbH;93.394;93.939,5;1.001;SgK330------12, SgK331------12;01054075;54,679;8,908;30000;OK
08.03.2012;19932;25842;Langenhorn;Marktstraat 13;E2079301S120000000000034798600001;Solarstrom;Gebäude;210,72;05 (MS);;Schleswig-Holstein Netz AG (E.ON Hanse AG);;TenneT TSO GmbH;186.240;190.513;904;SgK331------12, SgK330------12, SgK332------12;01054075;54,679;8,908;30000;OK
08.03.2012;19932;25842;Langenhorn;An de Möhl 9;E2079301S120000000000036396400001;Solarstrom;Gebäude;9,875;07 (NS);;Schleswig-Holstein Netz AG (E.ON Hanse AG);;TenneT TSO GmbH;6.894;6.923;701;SgK33410----12, SgK330------12;01054075;54,679;8,908;30000;OK
23.03.2012;19932;25842;Langenhorn;Theodor-Storm-Str. 34;E2079301S120000000000028544800001;Solarstrom;Gebäude;9,55;07 (NS);;Schleswig-Holstein Netz AG (E.ON Hanse AG);;TenneT TSO GmbH;9.384;9.529;997;SgK330------12, SgK33410----12;01054075;54,679;8,908;30000;OK
28.03.2012;19932;25842;Langenhorn;Wester Borgweg 6;E2079301S120000000000030630600001;Solarstrom;Gebäude;36,895;05 (MS);;Schleswig-Holstein Netz AG (E.ON Hanse AG);;TenneT TSO GmbH;34.757;36.630,5;992;SgK331------12, SgK330------12;01054075;54,679;8,908;30000;?(SpE 5 vs. 36 kW),
28.03.2012;19932;25842;Langenhorn;Holmweg 33B;E2079301S120000000000031901700001;Solarstrom;Gebäude;9,8;07 (NS);;Schleswig-Holstein Netz AG (E.ON Hanse AG);;TenneT TSO GmbH;8.647;8.657,5;883;SgK330------12, SgK33410----12;01054075;54,679;8,908;30000;OK
28.03.2012;19932;25842;Langenhorn;Dorfstr. 51;E2079301S120000000000044486600001;Solarstrom;Gebäude;20,7;07 (NS);;Schleswig-Holstein Netz AG (E.ON Hanse AG);;TenneT TSO GmbH;16.251;11.580,5;559;SgK330------12, SgK33410----12;01054075;54,679;8,908;30000;OK
29.03.2012;19932;25842;Langenhorn;Hohe Koppel 1;E2079301IZP3000000000040435100001;Solarstrom;Gebäude;637,86;07 (NS);;Schleswig-Holstein Netz AG (E.ON Hanse AG);;TenneT TSO GmbH;470.143;458.231;718;SgK332------12;01054075;54,679;8,908;30000;?(SpE 7 vs. 637 kW),
29.03.2012;19932;25842;Langenhorn;Sikkeackerweg 2;E2079301S120000000000031204000001;Solarstrom;Gebäude;21,15;07 (NS);;Schleswig-Holstein Netz AG (E.ON Hanse AG);;TenneT TSO GmbH;20.577;20.803;983;SgK33410----12, SgK330------12;01054075;54,679;8,908;30000;OK
29.03.2012;19932;25842;Langenhorn;Gröder Weg 3;E2079301S120000000000032075000001;Solarstrom;Gebäude;6,9;07 (NS);;Schleswig-Holstein Netz AG (E.ON Hanse AG);;TenneT TSO GmbH;6.403;6.548,5;949;SgK33410----12, SgK330------12;01054075;54,679;8,908;30000;OK
30.03.2012;19932;25842;Langenhorn;Kiefernweg 14;E2079301S120000000000032664400001;Solarstrom;Gebäude;16,32;07 (NS);;Schleswig-Holstein Netz AG (E.ON Hanse AG);;TenneT TSO GmbH;15.434;15.585,5;954;SgK33410----12, SgK330------12;01054075;54,679;8,908;30000;OK
31.03.2012;19932;25842;Langenhorn;Klaus-Groth-Str. 1;E2079301S120000000000036273200001;Solarstrom;Gebäude;10,12;07 (NS);;Schleswig-Holstein Netz AG (E.ON Hanse AG);;TenneT TSO GmbH;382;5.748,5;568;SgK330------12, SgK33410----12;01054075;54,679;8,908;30000;?(kWh/kW),
07.04.2012;19932;25842;Langenhorn;Baron-von-Gelting-Weg 7;E2079301S120000000000034835100001;Solarstrom;Gebäude;4,935;07 (NS);;Schleswig-Holstein Netz AG (E.ON Hanse AG);;TenneT TSO GmbH;4.880;3.331;674;SgK33a2-----SV, SgK3220--Apr12;01054075;54,679;8,908;30000;OK
08.06.2012;19932;25842;Langenhorn;Dorfstr. 194;E2079301S120000000000035988600001;Solarstrom;Gebäude;7;07 (NS);;Schleswig-Holstein Netz AG (E.ON Hanse AG);;TenneT TSO GmbH;6.469;6.494;927;SgK3220--Jun12, SgK33a2-----SV;01054075;54,679;8,908;30000;OK
13.06.2012;19932;25842;Langenhorn;Hohe Koppel 6;E2079301S120000000000032202100001;Solarstrom;Gebäude;78;07 (NS);;Schleswig-Holstein Netz AG (E.ON Hanse AG);;TenneT TSO GmbH;78.233;79.386,5;1.017;SgK331BS----12, SgK33411BS--12, SgK33410BS--12, SgK330BS----12;01054075;54,679;8,908;30000;OK
28.06.2012;19932;25842;Langenhorn;Gröder Weg 2;E2079301S120000000000040365200001;Solarstrom;Gebäude;14,82;07 (NS);;Schleswig-Holstein Netz AG (E.ON Hanse AG);;TenneT TSO GmbH;13.754;13.999;944;SgK33a2-----SV, SgK3221--Jun12, SgK3220--Jun12;01054075;54,679;8,908;30000;OK
29.06.2012;19932;25842;Langenhorn;Dorfstr. 15B;E2079301S120000000000040310000001;Solarstrom;Gebäude;8,385;07 (NS);;Schleswig-Holstein Netz AG (E.ON Hanse AG);;TenneT TSO GmbH;5.537;5.602,5;668;SgK3220--Jun12;01054075;54,679;8,908;30000;OK
30.06.2012;19932;25842;Langenhorn;Altendeich 1;E2079301S120000000000034076900001;Solarstrom;Gebäude;97,305;07 (NS);;Schleswig-Holstein Netz AG (E.ON Hanse AG);;TenneT TSO GmbH;94.562;95.815;984;SgK3220--Jun12, SgK332-MIM-aMW, SgK3222--Jun12, SgK3221--Jun12;01054075;54,679;8,908;30000;OK
20.08.2012;19932;25842;Langenhorn;Baron-von-Gelting-Weg 27;E2079301S120000000000035952100001;Solarstrom;Gebäude;9,87;07 (NS);;Schleswig-Holstein Netz AG (E.ON Hanse AG);;TenneT TSO GmbH;9.001;9.772,5;990;SgK3220--Aug12;01054075;54,679;8,908;30000;OK
20.08.2012;19932;25842;Langenhorn;Holmweg 13;E2079301S120000000000038072800001;Solarstrom;Gebäude;5,07;07 (NS);;Schleswig-Holstein Netz AG (E.ON Hanse AG);;TenneT TSO GmbH;3.268;3.386;667;SgK3220--Aug12;01054075;54,679;8,908;30000;OK
27.08.2012;19932;25842;Langenhorn;Beekensweg 7;E2079301S120000000000040202700001;Solarstrom;Gebäude;54,34;07 (NS);;Schleswig-Holstein Netz AG (E.ON Hanse AG);;TenneT TSO GmbH;47.261;29.688;546;SgK33a2-----SV, SgK3222--Aug12, SgK3221--Aug12;01054075;54,679;8,908;30000;OK
29.08.2012;19932;25842;Langenhorn;Ferdinand-Dircks-Weg 18;E2079301S120000000000035709500001;Solarstrom;Gebäude;9,8;07 (NS);;Schleswig-Holstein Netz AG (E.ON Hanse AG);;TenneT TSO GmbH;8.366;8.441,5;861;SgK3220--Aug12;01054075;54,679;8,908;30000;OK
29.08.2012;19932;25842;Langenhorn;Habelweg 1;E2079301S120000000000037137900001;Solarstrom;Gebäude;9,6;07 (NS);;Schleswig-Holstein Netz AG (E.ON Hanse AG);;TenneT TSO GmbH;10.124;10.268;1.069;SgK3220--Aug12;01054075;54,679;8,908;30000;OK
29.08.2012;19932;25842;Langenhorn;Olandweg 15;E2079301S120000000000037145400001;Solarstrom;Gebäude;8;07 (NS);;Schleswig-Holstein Netz AG (E.ON Hanse AG);;TenneT TSO GmbH;7.395;7.512;939;SgK3220--Aug12;01054075;54,679;8,908;30000;OK
31.08.2012;19932;25842;Langenhorn;Gröder Weg 10;E2079301S120000000000036258900001;Solarstrom;Gebäude;19,11;07 (NS);;Schleswig-Holstein Netz AG (E.ON Hanse AG);;TenneT TSO GmbH;15.271;15.524,5;812;SgK332-MIM-aMW, SgK3220--Aug12, SgK3221--Aug12, SgK33a2-----SV;01054075;54,679;8,908;30000;OK
31.08.2012;19932;25842;Langenhorn;Redlingsweg 22;E2079301S120000000000038963700001;Solarstrom;Gebäude;9,6;07 (NS);;Schleswig-Holstein Netz AG (E.ON Hanse AG);;TenneT TSO GmbH;6.182;6.886,5;717;SgK332-MIM-aMW, SgK3221--Aug12;01054075;54,679;8,908;30000;OK
28.09.2012;19932;25842;Langenhorn;Olandweg 16;E2079301S120000000000035990700001;Solarstrom;Gebäude;13,68;07 (NS);;Schleswig-Holstein Netz AG (E.ON Hanse AG);;TenneT TSO GmbH;12.653;12.734,5;930;SgK3220--Sep12, SgK3221--Sep12, SgK33a2-----SV;01054075;54,679;8,908;30000;OK
28.09.2012;19932;25842;Langenhorn;Dorfstr. 212;E2079301S120000000000037151100001;Solarstrom;Gebäude;6,925;07 (NS);;Schleswig-Holstein Netz AG (E.ON Hanse AG);;TenneT TSO GmbH;4.290;4.405;636;SgK3220--Sep12;01054075;54,679;8,908;30000;OK
29.09.2012;19932;25842;Langenhorn;Hohe Koppel 12;E2079301IZP0000000000039181100001;Solarstrom;Gebäude;128,625;07 (NS);;Schleswig-Holstein Netz AG (E.ON Hanse AG);;TenneT TSO GmbH;104.652;111.636;867;SgK3220--Sep12, SgK3221--Sep12, SgK33a2-----SV, SgK332-MIM-mMW, SgK3222--Sep12;01054075;54,679;8,908;30000;OK
29.09.2012;19932;25842;Langenhorn;Hohe Koppel 4A;E2079301S120000000000036902200001;Solarstrom;Gebäude;39,2;07 (NS);;Schleswig-Holstein Netz AG (E.ON Hanse AG);;TenneT TSO GmbH;36.039;38.474;981;SgK33a2-----SV, SgK3221--Sep12, SgK3220--Sep12;01054075;54,679;8,908;30000;OK
29.09.2012;19932;25842;Langenhorn;De Straat 5;E2079301S120000000000037609800001;Solarstrom;Gebäude;7,8;07 (NS);;Schleswig-Holstein Netz AG (E.ON Hanse AG);;TenneT TSO GmbH;6.337;6.161;789;SgK3220--Sep12;01054075;54,679;8,908;30000;OK
29.09.2012;19932;25842;Langenhorn;Habelweg 16;E2079301S120000000000041494700001;Solarstrom;Gebäude;9,84;07 (NS);;Schleswig-Holstein Netz AG (E.ON Hanse AG);;TenneT TSO GmbH;8.279;9.273,5;942;SgK3220--Sep12;01054075;54,679;8,908;30000;OK
30.09.2012;19932;25842;Langenhorn;Dorfstr. 90B;E2079301S120000000000039447700001;Solarstrom;Gebäude;5,76;07 (NS);;Schleswig-Holstein Netz AG (E.ON Hanse AG);;TenneT TSO GmbH;4.881;5.446;945;SgK3220--Sep12;01054075;54,679;8,908;30000;OK
16.10.2012;19932;25842;Langenhorn;Holmweg 33C;E2079301S120000000000038785400001;Solarstrom;Gebäude;6,96;07 (NS);;Schleswig-Holstein Netz AG (E.ON Hanse AG);;TenneT TSO GmbH;3.729;3.778,5;542;SgK3220--Okt12;01054075;54,679;8,908;30000;OK
24.10.2012;19932;25842;Langenhorn;Hohe Koppel 9;E2079301S120000000000038430500001;Solarstrom;Gebäude;85,015;07 (NS);;Schleswig-Holstein Netz AG (E.ON Hanse AG);;TenneT TSO GmbH;72.235;73.456,5;864;SgK3220--Okt12, SgK33a2-----SV, SgK3221--Okt12, SgK3222--Okt12, SgK332-MIM-aMW;01054075;54,679;8,908;30000;OK
25.10.2012;19932;25842;Langenhorn;Privatweg 5;E2079301S120000000000039614800001;Solarstrom;Gebäude;8,82;07 (NS);;Schleswig-Holstein Netz AG (E.ON Hanse AG);;TenneT TSO GmbH;4.386;4.305;488;SgK3220--Okt12;01054075;54,679;8,908;30000;OK
27.10.2012;19932;25842;Langenhorn;Dorfstr. 181A;E2079301S120000000000038493600001;Solarstrom;Gebäude;9,8;07 (NS);;Schleswig-Holstein Netz AG (E.ON Hanse AG);;TenneT TSO GmbH;7.694;7.369,5;751;SgK3220--Okt12;01054075;54,679;8,908;30000;OK
28.10.2012;19932;25842;Langenhorn;Ant Schütthock 15;E2079301S120000000000040189600001;Solarstrom;Gebäude;15,68;07 (NS);;Schleswig-Holstein Netz AG (E.ON Hanse AG);;TenneT TSO GmbH;12.198;12.270;782;SgK33a2-----SV, SgK332-MIM-aMW, SgK3221--Okt12, SgK3220--Okt12;01054075;54,679;8,908;30000;OK
29.10.2012;19932;25842;Langenhorn;De Straat 17;E2079301S120000000000038341000001;Solarstrom;Gebäude;3,5;07 (NS);;Schleswig-Holstein Netz AG (E.ON Hanse AG);;TenneT TSO GmbH;2.495;2.553;729;SgK3220--Okt12;01054075;54,679;8,908;30000;OK
29.10.2012;19932;25842;Langenhorn;Sönke-Matthiesen-Weg 13;E2079301S120000000000039340500001;Solarstrom;Gebäude;3,29;07 (NS);;Schleswig-Holstein Netz AG (E.ON Hanse AG);;TenneT TSO GmbH;1.221;1.331;404;SgK3220--Okt12;01054075;54,679;8,908;30000;?(kWh/kW),
29.10.2012;19932;25842;Langenhorn;Dorfstr. 181;E2079301S120000000000039962700001;Solarstrom;Gebäude;8,33;07 (NS);;Schleswig-Holstein Netz AG (E.ON Hanse AG);;TenneT TSO GmbH;5.251;5.229,5;627;SgK3220--Okt12;01054075;54,679;8,908;30000;OK
30.10.2012;19932;25842;Langenhorn;Marktstraat 48A;E2079301S120000000000037870600001;Solarstrom;Gebäude;20,8;07 (NS);;Schleswig-Holstein Netz AG (E.ON Hanse AG);;TenneT TSO GmbH;15.319;15.590;749;SgK33a2-----SV, SgK3220--Okt12, SgK3221--Okt12, SgK332-MIM-aMW;01054075;54,679;8,908;30000;OK
31.10.2012;19932;25842;Langenhorn;Alte Gärtnerei 7;E2079301S120000000000038415600001;Solarstrom;Gebäude;7,2;07 (NS);;Schleswig-Holstein Netz AG (E.ON Hanse AG);;TenneT TSO GmbH;6.222;4.355,5;604;SgK3220--Okt12;01054075;54,679;8,908;30000;OK
31.10.2012;19932;25842;Langenhorn;Tannenweg 3A;E2079301S120000000000039078100001;Solarstrom;Gebäude;13,78;07 (NS);;Schleswig-Holstein Netz AG (E.ON Hanse AG);;TenneT TSO GmbH;13.509;13.803,5;1.001;SgK3221--Okt12, SgK3220--Okt12, SgK33a2-----SV;01054075;54,679;8,908;30000;OK
03.12.2012;19932;25842;Langenhorn;Kiefernweg 4B;E2079301S120000000000040881900001;Solarstrom;Gebäude;8,5;07 (NS);;Schleswig-Holstein Netz AG (E.ON Hanse AG);;TenneT TSO GmbH;4.574;6.186;727;SgK3220--Dez12;01054075;54,679;8,908;30000;OK
17.12.2012;19932;25842;Langenhorn;Ingwer-Laseeter-Weg 7;E2079301S120000000000039449200001;Solarstrom;Gebäude;9,495;07 (NS);;Schleswig-Holstein Netz AG (E.ON Hanse AG);;TenneT TSO GmbH;8.738;8.987;946;SgK3220--Dez12;01054075;54,679;8,908;30000;OK
21.12.2012;19932;25842;Langenhorn;Holmweg 75;E2079301S120000000000041479400001;Solarstrom;Gebäude;3,15;07 (NS);;Schleswig-Holstein Netz AG (E.ON Hanse AG);;TenneT TSO GmbH;2.939;3.044,5;966;SgK33a2-----SV, SgK3220--Dez12;01054075;54,679;8,908;30000;OK
29.01.2013;19932;25842;Langenhorn;Kösterweg 2;E2079301S120000000000041389200001;Solarstrom;Gebäude;8,82;07 (NS);;Schleswig-Holstein Netz AG (E.ON Hanse AG);;TenneT TSO GmbH;6.571;6.922;784;SgK3220--Jan13;01054075;54,679;8,908;30000;OK
29.01.2013;19932;25842;Langenhorn;Baron-von-Gelting-Weg 8;E2079301S120000000000043195500001;Solarstrom;Gebäude;9,2;07 (NS);;Schleswig-Holstein Netz AG (E.ON Hanse AG);;TenneT TSO GmbH;6.086;6.856;745;SgK3220--Jan13;01054075;54,679;8,908;30000;OK
26.02.2013;19932;25842;Langenhorn;Dorfstr. 77;E2079301S000000000000041984300001;Solarstrom;Gebäude;27,6;07 (NS);;Schleswig-Holstein Netz AG (E.ON Hanse AG);;TenneT TSO GmbH;21.794;25.077;908;SgK3220--Feb13, SgK332-MIM-aMW, SgK33a2-----SV, SgK3221--Feb13;01054075;54,679;8,908;30000;OK
25.03.2013;19932;25842;Langenhorn;Holmweg 53;E2079301S120000000000044108200001;Solarstrom;Gebäude;9,8;07 (NS);;Schleswig-Holstein Netz AG (E.ON Hanse AG);;TenneT TSO GmbH;5.942;6.416;654;SgK3220--Mrz13;01054075;54,679;8,908;30000;OK
25.04.2013;19932;25842;Langenhorn;Jens-Snitker-Weg 7A;E2079301S120000000000046902600001;Solarstrom;Gebäude;6,96;07 (NS);;Schleswig-Holstein Netz AG (E.ON Hanse AG);;TenneT TSO GmbH;2.893;6.276;901;SgK3220--Apr13;01054075;54,679;8,908;30000;OK
10.05.2013;19932;25842;Langenhorn;Barntemoose 4;E2079301SZP0000000000048140300001;Solarstrom;Gebäude;33,75;07 (NS);;Schleswig-Holstein Netz AG (E.ON Hanse AG);;TenneT TSO GmbH;12.630;32.944;976;SgK3221--Mai13, SgK3220--Mai13, SgK332-MIM-mMW;01054075;54,679;8,908;30000;OK
24.05.2013;19932;25842;Langenhorn;Redlingsweg 3;E2079301S000000000000044749000001;Solarstrom;Gebäude;10,5;07 (NS);;Schleswig-Holstein Netz AG (E.ON Hanse AG);;TenneT TSO GmbH;;11.667;1.111;SgK3220--Mai13, SgK3221--Mai13, SgK33a2-----SV;01054075;54,679;8,908;30000;OK
27.05.2013;19932;25842;Langenhorn;Dorfstr. 208;E2079301S120000000000046406200001;Solarstrom;Gebäude;29,75;07 (NS);;Schleswig-Holstein Netz AG (E.ON Hanse AG);;TenneT TSO GmbH;16.806;22.011;739;SgK3221--Mai13, SgK33a2-----SV, SgK3220--Mai13;01054075;54,679;8,908;30000;OK
07.07.2013;19932;25842;Langenhorn;Altendeich 9;E20793012S12W00000000002414080001;Windkraft;;3.370;05 (MS);;Schleswig-Holstein Netz AG (E.ON Hanse AG);;TenneT TSO GmbH;;;0;;01054075;54,679;8,908;30000;OK
16.07.2013;19932;25842;Langenhorn;Altendeich 9;E20793012S12V00000000002414080001;Windkraft;;3.370;05 (MS);;Schleswig-Holstein Netz AG (E.ON Hanse AG);;TenneT TSO GmbH;;;0;;01054075;54,679;8,908;30000;OK
23.07.2013;19932;25842;Langenhorn;Dorfstr. 16;E2079301S120000000000049210200001;Solarstrom;Gebäude;9,87;07 (NS);;Schleswig-Holstein Netz AG (E.ON Hanse AG);;TenneT TSO GmbH;1.066;5.533;560;SgK3220--Jul13;01054075;54,679;8,908;30000;OK
21.08.2013;19932;25842;Langenhorn;Marktstraat 30;E2079301S120000000000049766200001;Solarstrom;Gebäude;11;07 (NS);;Schleswig-Holstein Netz AG (E.ON Hanse AG);;TenneT TSO GmbH;1.911;10.755;977;SgK3221--Aug13, SgK3220--Aug13, SgK33a2-----SV;01054075;54,679;8,908;30000;OK
08.10.2013;19932;25842;Langenhorn;Marktstraat 44;E2079301S120000000000049725800001;Solarstrom;Gebäude;5,39;07 (NS);;Schleswig-Holstein Netz AG (E.ON Hanse AG);;TenneT TSO GmbH;32;3.136;581;SgK3220--Okt13;01054075;54,679;8,908;30000;OK
05.02.2014;19932;25842;Langenhorn;Sandweg 7;E2079301S120000000000058669000001;Solarstrom;Gebäude;9,88;07 (NS);;Schleswig-Holstein Netz AG (E.ON Hanse AG);;TenneT TSO GmbH;;;0;SgK3220--Feb14;01054075;54,679;8,908;30000;OK
16.04.2014;19932;25842;Langenhorn;Holmweg 33;E2079301S120000000000060587600001;Solarstrom;Gebäude;5;07 (NS);;Schleswig-Holstein Netz AG (E.ON Hanse AG);;TenneT TSO GmbH;;;0;SgK1722-----MW, SgK3220--Apr14;01054075;54,679;8,908;30000;OK
14.05.2014;19932;25842;Langenhorn;Moosewai 9999;E2079301EA01000000000070577400006;Windkraft;Onshore;3.370;05 (MS);;Schleswig-Holstein Netz AG (E.ON Hanse AG);;TenneT TSO GmbH;;;0;WrK300S-----14;01054075;54,679;8,908;30000;OK
15.05.2014;19932;25842;Langenhorn;Moosewai 9999;E2079301EA01000000000070577400003;Windkraft;Onshore;3.370;05 (MS);;Schleswig-Holstein Netz AG (E.ON Hanse AG);;TenneT TSO GmbH;;;0;WrK300S-----14;01054075;54,679;8,908;30000;OK
27.05.2014;19932;25842;Langenhorn;Moosewai 9999;E2079301EA01000000000070577400004;Windkraft;Onshore;3.370;05 (MS);;Schleswig-Holstein Netz AG (E.ON Hanse AG);;TenneT TSO GmbH;;;0;WrK300S-----14;01054075;54,679;8,908;30000;OK
04.06.2014;19932;25842;Langenhorn;Moosewai 9999;E2079301EA01000000000070577400005;Windkraft;Onshore;3.370;05 (MS);;Schleswig-Holstein Netz AG (E.ON Hanse AG);;TenneT TSO GmbH;;;0;WrK300S-----14;01054075;54,679;8,908;30000;OK
12.06.2014;19932;25842;Langenhorn;Moosewai 9999;E2079301EA01000000000070577400001;Windkraft;Onshore;3.370;05 (MS);;Schleswig-Holstein Netz AG (E.ON Hanse AG);;TenneT TSO GmbH;;;0;WrK300S-----14;01054075;54,679;8,908;30000;OK
12.06.2014;19932;25842;Langenhorn;Burlagsweg 1;E2079301S120000000000061890800001;Solarstrom;Gebäude;3,2;07 (NS);;Schleswig-Holstein Netz AG (E.ON Hanse AG);;TenneT TSO GmbH;;;0;SgK3220--Jun14;01054075;54,679;8,908;30000;OK
18.06.2014;19932;25842;Langenhorn;Moosewai 9999;E2079301EA01000000000070577400002;Windkraft;Onshore;3.370;05 (MS);;Schleswig-Holstein Netz AG (E.ON Hanse AG);;TenneT TSO GmbH;;;0;WrK300S-----14;01054075;54,679;8,908;30000;OK
31.03.2015;19932;25842;Langenhorn;Redlingsweg 5A;E2079301S120000000000074681400001;Solarstrom;;6,58;07 (NS);;Schleswig-Holstein Netz AG (E.ON Hanse AG);;TenneT TSO GmbH;;;0;;01054075;54,679;8,908;30000;OK
04.05.2015;19932;25842;Langenhorn;Marktstraat 48B;E2079301S000000000000075171300001;Solarstrom;;5;07 (NS);;Schleswig-Holstein Netz AG (E.ON Hanse AG);;TenneT TSO GmbH;;;0;;01054075;54,679;8,908;30000;OK
#
# Ende:  Langenhorn bei Husum
